Workbook
Name 진행결과: LOV!$B$3:$B$6

Sheet 테스트 요약
B2: 한결공조 AS 관리 시스템 — 테스트 결과서 요약
B3: ※ [수정사항관리] 시트 기준 / 단위 테스트 · 통합 테스트(1차) 결과 요약. 2차·오픈 전 테스트는 이번 범위(개발 org)에서 실시하지 않음
B4: 프로젝트명 | C4: 한결공조 AS 관리 시스템 | E4: 작성일 | F4: 46313 | H4: 문서 버전 | I4: v1.1
B6: 【1】 테스트 구분별 전체 요약
B7: No | C7: 테스트 구분 | D7: 총 건수 | E7: 완료 | F7: 미입력/진행 중 | G7: 완료율 | H7: 진행상황 | I7: 비고
B8: 1 | C8: 단위 테스트 | D8: =COUNTIF(수정사항관리!$A:$A, "단위 테스트") -> 11 | E8: =COUNTIFS(수정사항관리!$A:$A, "단위 테스트", 수정사항관리!$K:$K, "완료") -> 11 | F8: =D8-E8 -> 0 | G8: =IFERROR(E8/D8, 0) -> 1 | H8: 완료 | I8: 개발·테스트 중 발견 결함 11건 모두 완료(R6 반영 2026-10-16). 단위 테스트 248건 Pass(07 V1.1)
B9: 2 | C9: 통합 테스트 (1차) | D9: =COUNTIF(수정사항관리!$A:$A, "통합 테스트 (1차)") -> 8 | E9: =COUNTIFS(수정사항관리!$A:$A, "통합 테스트 (1차)", 수정사항관리!$K:$K, "완료") -> 8 | F9: =D9-E9 -> 0 | G9: =IFERROR(E9/D9, 0) -> 1 | H9: 완료 | I9: 실제 사용자·실제 호출에서 발견한 결함 8건 모두 완료. 시나리오 27건: Pass 27 · 미실행 0
B10: 3 | C10: 통합 테스트 (2차) | D10: =COUNTIF(수정사항관리!$A:$A, "통합 테스트 (2차)") -> 0 | E10: =COUNTIFS(수정사항관리!$A:$A, "통합 테스트 (2차)", 수정사항관리!$K:$K, "완료") -> 0 | F10: =D10-E10 -> 0 | G10: =IFERROR(E10/D10, 0) -> 0 | H10: 미실시 | I10: 샌드박스 배포 후 실시 예정
B11: 4 | C11: Open전 Test | D11: =COUNTIF(수정사항관리!$A:$A, "Open전 Test") -> 0 | E11: =COUNTIFS(수정사항관리!$A:$A, "Open전 Test", 수정사항관리!$K:$K, "완료") -> 0 | F11: =D11-E11 -> 0 | G11: =IFERROR(E11/D11, 0) -> 0 | H11: 미실시 | I11: 운영 배포 전 실시 예정
C12: 합계 | D12: =SUM(D8:D11) -> 19 | E12: =SUM(E8:E11) -> 19 | F12: =SUM(F8:F11) -> 0 | G12: =IFERROR(E12/D12, 0) -> 1
B14: 【2】 결함 유형별 통계
B15: No | C15: 테스트 구분 | D15: 수정 | E15: 추가 | F15: 오류 | G15: 검토 | H15: 합계 | I15: 비고
B16: 1 | C16: 단위 테스트 | D16: =COUNTIFS(수정사항관리!$A:$A, "단위 테스트", 수정사항관리!$E:$E, "수정") -> 5 | E16: =COUNTIFS(수정사항관리!$A:$A, "단위 테스트", 수정사항관리!$E:$E, "추가") -> 0 | F16: =COUNTIFS(수정사항관리!$A:$A, "단위 테스트", 수정사항관리!$E:$E, "오류") -> 6 | G16: =COUNTIFS(수정사항관리!$A:$A, "단위 테스트", 수정사항관리!$E:$E, "검토") -> 0 | H16: =SUM(D16:G16) -> 11
B17: 2 | C17: 통합 테스트 (1차) | D17: =COUNTIFS(수정사항관리!$A:$A, "통합 테스트 (1차)", 수정사항관리!$E:$E, "수정") -> 0 | E17: =COUNTIFS(수정사항관리!$A:$A, "통합 테스트 (1차)", 수정사항관리!$E:$E, "추가") -> 0 | F17: =COUNTIFS(수정사항관리!$A:$A, "통합 테스트 (1차)", 수정사항관리!$E:$E, "오류") -> 8 | G17: =COUNTIFS(수정사항관리!$A:$A, "통합 테스트 (1차)", 수정사항관리!$E:$E, "검토") -> 0 | H17: =SUM(D17:G17) -> 8
B18: 3 | C18: 통합 테스트 (2차) | D18: =COUNTIFS(수정사항관리!$A:$A, "통합 테스트 (2차)", 수정사항관리!$E:$E, "수정") -> 0 | E18: =COUNTIFS(수정사항관리!$A:$A, "통합 테스트 (2차)", 수정사항관리!$E:$E, "추가") -> 0 | F18: =COUNTIFS(수정사항관리!$A:$A, "통합 테스트 (2차)", 수정사항관리!$E:$E, "오류") -> 0 | G18: =COUNTIFS(수정사항관리!$A:$A, "통합 테스트 (2차)", 수정사항관리!$E:$E, "검토") -> 0 | H18: =SUM(D18:G18) -> 0
B19: 4 | C19: Open전 Test | D19: =COUNTIFS(수정사항관리!$A:$A, "Open전 Test", 수정사항관리!$E:$E, "수정") -> 0 | E19: =COUNTIFS(수정사항관리!$A:$A, "Open전 Test", 수정사항관리!$E:$E, "추가") -> 0 | F19: =COUNTIFS(수정사항관리!$A:$A, "Open전 Test", 수정사항관리!$E:$E, "오류") -> 0 | G19: =COUNTIFS(수정사항관리!$A:$A, "Open전 Test", 수정사항관리!$E:$E, "검토") -> 0 | H19: =SUM(D19:G19) -> 0
C20: 합계 | D20: =SUM(D16:D19) -> 5 | E20: =SUM(E16:E19) -> 0 | F20: =SUM(F16:F19) -> 14 | G20: =SUM(G16:G19) -> 0 | H20: =SUM(H16:H19) -> 19

Sheet 결과 요약
A1: 한결공조 AS 관리 시스템 — 통합 테스트 결과 요약
A3: 프로젝트명 | B3: 한결공조 AS 관리 시스템 | E3: 작성일 | F3: 46313
A4: 테스트 기간 | B4: 2026-10-11 ~ 2026-10-18 (개발 org, 실제 사용자 Login As + org 기록) | E4: 문서 버전 | F4: v1.1
A5: 작성자 | B5: Edwin | E5: 검토자
A7: 【1】 전체 테스트 통계
A8: 총 케이스 | B8: Pass | C8: Fail | D8: 미실행 | E8: 합격률 | F8: 진행률 | G8: 판정
A9: =COUNTA('통합테스트 시나리오'!$G$4:$G$272) -> 27 | B9: =COUNTIF('통합테스트 시나리오'!$M$4:$M$272, "Pass") -> 27 | C9: =COUNTIF('통합테스트 시나리오'!$M$4:$M$272, "Fail") -> 0 | D9: =A9-B9-C9 -> 0 | E9: =IFERROR(B9/(B9+C9), 0) -> 1 | F9: =IFERROR((B9+C9)/A9, 0) -> 1 | G9: =IF(F9<1, "진행 중", IF(E9>=0.95, "✓ Pass", IF(E9>=0.8, "△ 조건부", "✗ Fail"))) -> ✓ Pass
A11: 【2】 프로세스별 결과
A12: Process | B12: 범주 | C12: 총 케이스 | D12: Pass | E12: Fail | F12: 미실행 | G12: 합격률
A13: P0 | B13: 단위 테스트 (재검증) | C13: =COUNTIF('통합테스트 시나리오'!$B$4:$B$272, "0") -> 1 | D13: =COUNTIFS('통합테스트 시나리오'!$B$4:$B$272, "0", '통합테스트 시나리오'!$M$4:$M$272, "Pass") -> 1 | E13: =COUNTIFS('통합테스트 시나리오'!$B$4:$B$272, "0", '통합테스트 시나리오'!$M$4:$M$272, "Fail") -> 0 | F13: =C13-D13-E13 -> 0 | G13: =IFERROR(D13/(D13+E13), 0) -> 1
A14: P1 | B14: 전화 접수 · 조회 화면 (상담원 · 역할별 홈) | C14: =COUNTIF('통합테스트 시나리오'!$B$4:$B$272, "1") -> 7 | D14: =COUNTIFS('통합테스트 시나리오'!$B$4:$B$272, "1", '통합테스트 시나리오'!$M$4:$M$272, "Pass") -> 7 | E14: =COUNTIFS('통합테스트 시나리오'!$B$4:$B$272, "1", '통합테스트 시나리오'!$M$4:$M$272, "Fail") -> 0 | F14: =C14-D14-E14 -> 0 | G14: =IFERROR(D14/(D14+E14), 0) -> 1
A15: P2 | B15: 배정 · 출동 · 재고 (센터장 · 기사) | C15: =COUNTIF('통합테스트 시나리오'!$B$4:$B$272, "2") -> 6 | D15: =COUNTIFS('통합테스트 시나리오'!$B$4:$B$272, "2", '통합테스트 시나리오'!$M$4:$M$272, "Pass") -> 6 | E15: =COUNTIFS('통합테스트 시나리오'!$B$4:$B$272, "2", '통합테스트 시나리오'!$M$4:$M$272, "Fail") -> 0 | F15: =C15-D15-E15 -> 0 | G15: =IFERROR(D15/(D15+E15), 0) -> 1
A16: P3 | B16: 출동 승인 (기사 · 센터장) | C16: =COUNTIF('통합테스트 시나리오'!$B$4:$B$272, "3") -> 6 | D16: =COUNTIFS('통합테스트 시나리오'!$B$4:$B$272, "3", '통합테스트 시나리오'!$M$4:$M$272, "Pass") -> 6 | E16: =COUNTIFS('통합테스트 시나리오'!$B$4:$B$272, "3", '통합테스트 시나리오'!$M$4:$M$272, "Fail") -> 0 | F16: =C16-D16-E16 -> 0 | G16: =IFERROR(D16/(D16+E16), 0) -> 1
A17: P4 | B17: 외부 연동 (ERP · 주소) | C17: =COUNTIF('통합테스트 시나리오'!$B$4:$B$272, "4") -> 7 | D17: =COUNTIFS('통합테스트 시나리오'!$B$4:$B$272, "4", '통합테스트 시나리오'!$M$4:$M$272, "Pass") -> 7 | E17: =COUNTIFS('통합테스트 시나리오'!$B$4:$B$272, "4", '통합테스트 시나리오'!$M$4:$M$272, "Fail") -> 0 | F17: =C17-D17-E17 -> 0 | G17: =IFERROR(D17/(D17+E17), 0) -> 1
A19: 【3】 I/F 테스트 결과 (외부 시스템 연동)
A20: I/F # | B20: 명칭 | C20: 방식 | D20: 총 케이스 | E20: Pass | F20: Fail | G20: 합격률
A21: IF-02-P | B21: 재고 변동 푸시 | C21: REST (Apex REST, OAuth) | D21: =SUMPRODUCT((ISNUMBER(SEARCH("IF-02-P", '통합테스트 시나리오'!$P$4:$P$272)))*1) -> 2 | E21: =SUMPRODUCT((ISNUMBER(SEARCH("IF-02-P", '통합테스트 시나리오'!$P$4:$P$272)))*('통합테스트 시나리오'!$M$4:$M$272="Pass")) -> 2 | F21: =SUMPRODUCT((ISNUMBER(SEARCH("IF-02-P", '통합테스트 시나리오'!$P$4:$P$272)))*('통합테스트 시나리오'!$M$4:$M$272="Fail")) -> 0 | G21: =IFERROR(E21/(E21+F21), 0) -> 1
A22: IF-02-R | B22: 재고 변동 가져오기 | C22: REST (Batch) | D22: =SUMPRODUCT((ISNUMBER(SEARCH("IF-02-R", '통합테스트 시나리오'!$P$4:$P$272)))*1) -> 1 | E22: =SUMPRODUCT((ISNUMBER(SEARCH("IF-02-R", '통합테스트 시나리오'!$P$4:$P$272)))*('통합테스트 시나리오'!$M$4:$M$272="Pass")) -> 1 | F22: =SUMPRODUCT((ISNUMBER(SEARCH("IF-02-R", '통합테스트 시나리오'!$P$4:$P$272)))*('통합테스트 시나리오'!$M$4:$M$272="Fail")) -> 0 | G22: =IFERROR(E22/(E22+F22), 0) -> 1
A23: IF-03 | B23: 사용 부품 차감 | C23: REST (Queueable) | D23: =SUMPRODUCT((ISNUMBER(SEARCH("IF-03", '통합테스트 시나리오'!$P$4:$P$272)))*1) -> 4 | E23: =SUMPRODUCT((ISNUMBER(SEARCH("IF-03", '통합테스트 시나리오'!$P$4:$P$272)))*('통합테스트 시나리오'!$M$4:$M$272="Pass")) -> 4 | F23: =SUMPRODUCT((ISNUMBER(SEARCH("IF-03", '통합테스트 시나리오'!$P$4:$P$272)))*('통합테스트 시나리오'!$M$4:$M$272="Fail")) -> 0 | G23: =IFERROR(E23/(E23+F23), 0) -> 1
A24: IF-06 | B24: 재고 이동 | C24: REST (Queueable) | D24: =SUMPRODUCT((ISNUMBER(SEARCH("IF-06", '통합테스트 시나리오'!$P$4:$P$272)))*1) -> 2 | E24: =SUMPRODUCT((ISNUMBER(SEARCH("IF-06", '통합테스트 시나리오'!$P$4:$P$272)))*('통합테스트 시나리오'!$M$4:$M$272="Pass")) -> 2 | F24: =SUMPRODUCT((ISNUMBER(SEARCH("IF-06", '통합테스트 시나리오'!$P$4:$P$272)))*('통합테스트 시나리오'!$M$4:$M$272="Fail")) -> 0 | G24: =IFERROR(E24/(E24+F24), 0) -> 1
A25: IF-07 | B25: 도로명주소 검색 | C25: REST (form → JSON) | D25: =SUMPRODUCT((ISNUMBER(SEARCH("IF-07", '통합테스트 시나리오'!$P$4:$P$272)))*1) -> 1 | E25: =SUMPRODUCT((ISNUMBER(SEARCH("IF-07", '통합테스트 시나리오'!$P$4:$P$272)))*('통합테스트 시나리오'!$M$4:$M$272="Pass")) -> 1 | F25: =SUMPRODUCT((ISNUMBER(SEARCH("IF-07", '통합테스트 시나리오'!$P$4:$P$272)))*('통합테스트 시나리오'!$M$4:$M$272="Fail")) -> 0 | G25: =IFERROR(E25/(E25+F25), 0) -> 1
A28: 【4】 결함(Defect) 통계
A29: 구분 | B29: 내용 | C29: 건수 | D29: 구분 | E29: 내용 | F29: 건수
A30: 유형 | B30: 수정 | C30: =COUNTIF(수정사항관리!$E$5:$E$200, "수정") -> 5 | D30: 상태 | E30: 진행 중 | F30: =COUNTIF(수정사항관리!$K$5:$K$200, "진행 중") -> 0
A31: 유형 | B31: 오류 | C31: =COUNTIF(수정사항관리!$E$5:$E$200, "오류") -> 14 | D31: 상태 | E31: 완료 | F31: =COUNTIF(수정사항관리!$K$5:$K$200, "완료") -> 19
A32: 유형 | B32: 추가 · 검토 | C32: =COUNTIF(수정사항관리!$E$5:$E$200, "추가")+COUNTIF(수정사항관리!$E$5:$E$200, "검토") -> 0 | D32: 상태 | E32: 보류 | F32: =COUNTIF(수정사항관리!$K$5:$K$200, "보류") -> 0
A33: 합계 | C33: =COUNTA(수정사항관리!$B$5:$B$200) -> 19 | D33: 합계 | F33: =COUNTA(수정사항관리!$B$5:$B$200) -> 19
A35: ※ 본 시트는 [통합테스트 시나리오] 시트의 Pass/Fail 입력에 따라 자동 갱신됩니다. Pass/Fail은 정확히 "Pass" 또는 "Fail" 영문으로 입력해 주세요.

Sheet 프로세스별 결과
A1: 프로세스별 테스트 결과 (단계별 상세)
A2: ※ 통합테스트 시나리오 시트의 Process / 모듈명 / Pass/Fail 입력에 따라 자동 집계됩니다.
A3: Process | B3: 단계 (모듈) | C3: 대표 모듈명 | D3: 총 케이스 | E3: Pass | F3: Fail | G3: 미실행 | H3: 합격률
A4: PROCESS 0 | B4: 단위 테스트 (재검증) | D4: =COUNTIFS('통합테스트 시나리오'!$B$4:$B$272, "0") -> 1 | E4: =COUNTIFS('통합테스트 시나리오'!$B$4:$B$272, "0", '통합테스트 시나리오'!$M$4:$M$272, "Pass") -> 1 | F4: =COUNTIFS('통합테스트 시나리오'!$B$4:$B$272, "0", '통합테스트 시나리오'!$M$4:$M$272, "Fail") -> 0 | G4: =D4-E4-F4 -> 0 | H4: =IFERROR(E4/(E4+F4), 0) -> 1
A5: 1 | B5: 전체 Apex 테스트 | C5: 전체 Apex 테스트 | D5: =COUNTIFS('통합테스트 시나리오'!$B$4:$B$272, "0", '통합테스트 시나리오'!$E$4:$E$272, C5) -> 1 | E5: =COUNTIFS('통합테스트 시나리오'!$B$4:$B$272, "0", '통합테스트 시나리오'!$E$4:$E$272, C5, '통합테스트 시나리오'!$M$4:$M$272, "Pass") -> 1 | F5: =COUNTIFS('통합테스트 시나리오'!$B$4:$B$272, "0", '통합테스트 시나리오'!$E$4:$E$272, C5, '통합테스트 시나리오'!$M$4:$M$272, "Fail") -> 0 | G5: =D5-E5-F5 -> 0 | H5: =IFERROR(E5/(E5+F5), 0) -> 1
A7: PROCESS 1 | B7: 전화 접수 · 조회 화면 (상담원 · 역할별 홈) | D7: =COUNTIFS('통합테스트 시나리오'!$B$4:$B$272, "1") -> 7 | E7: =COUNTIFS('통합테스트 시나리오'!$B$4:$B$272, "1", '통합테스트 시나리오'!$M$4:$M$272, "Pass") -> 7 | F7: =COUNTIFS('통합테스트 시나리오'!$B$4:$B$272, "1", '통합테스트 시나리오'!$M$4:$M$272, "Fail") -> 0 | G7: =D7-E7-F7 -> 0 | H7: =IFERROR(E7/(E7+F7), 0) -> 1
A8: 1 | B8: 가상 착신 | C8: 가상 착신 | D8: =COUNTIFS('통합테스트 시나리오'!$B$4:$B$272, "1", '통합테스트 시나리오'!$E$4:$E$272, C8) -> 2 | E8: =COUNTIFS('통합테스트 시나리오'!$B$4:$B$272, "1", '통합테스트 시나리오'!$E$4:$E$272, C8, '통합테스트 시나리오'!$M$4:$M$272, "Pass") -> 2 | F8: =COUNTIFS('통합테스트 시나리오'!$B$4:$B$272, "1", '통합테스트 시나리오'!$E$4:$E$272, C8, '통합테스트 시나리오'!$M$4:$M$272, "Fail") -> 0 | G8: =D8-E8-F8 -> 0 | H8: =IFERROR(E8/(E8+F8), 0) -> 1
A9: 2 | B9: 접수 작성 팝업 | C9: 접수 작성 팝업 | D9: =COUNTIFS('통합테스트 시나리오'!$B$4:$B$272, "1", '통합테스트 시나리오'!$E$4:$E$272, C9) -> 3 | E9: =COUNTIFS('통합테스트 시나리오'!$B$4:$B$272, "1", '통합테스트 시나리오'!$E$4:$E$272, C9, '통합테스트 시나리오'!$M$4:$M$272, "Pass") -> 3 | F9: =COUNTIFS('통합테스트 시나리오'!$B$4:$B$272, "1", '통합테스트 시나리오'!$E$4:$E$272, C9, '통합테스트 시나리오'!$M$4:$M$272, "Fail") -> 0 | G9: =D9-E9-F9 -> 0 | H9: =IFERROR(E9/(E9+F9), 0) -> 1
A10: 3 | B10: 역할별 홈 | C10: 역할별 홈 | D10: =COUNTIFS('통합테스트 시나리오'!$B$4:$B$272, "1", '통합테스트 시나리오'!$E$4:$E$272, C10) -> 1 | E10: =COUNTIFS('통합테스트 시나리오'!$B$4:$B$272, "1", '통합테스트 시나리오'!$E$4:$E$272, C10, '통합테스트 시나리오'!$M$4:$M$272, "Pass") -> 1 | F10: =COUNTIFS('통합테스트 시나리오'!$B$4:$B$272, "1", '통합테스트 시나리오'!$E$4:$E$272, C10, '통합테스트 시나리오'!$M$4:$M$272, "Fail") -> 0 | G10: =D10-E10-F10 -> 0 | H10: =IFERROR(E10/(E10+F10), 0) -> 1
A11: 4 | B11: 조회 화면 | C11: 조회 화면 | D11: =COUNTIFS('통합테스트 시나리오'!$B$4:$B$272, "1", '통합테스트 시나리오'!$E$4:$E$272, C11) -> 1 | E11: =COUNTIFS('통합테스트 시나리오'!$B$4:$B$272, "1", '통합테스트 시나리오'!$E$4:$E$272, C11, '통합테스트 시나리오'!$M$4:$M$272, "Pass") -> 1 | F11: =COUNTIFS('통합테스트 시나리오'!$B$4:$B$272, "1", '통합테스트 시나리오'!$E$4:$E$272, C11, '통합테스트 시나리오'!$M$4:$M$272, "Fail") -> 0 | G11: =D11-E11-F11 -> 0 | H11: =IFERROR(E11/(E11+F11), 0) -> 1
A13: PROCESS 2 | B13: 배정 · 출동 · 재고 (센터장 · 기사) | D13: =COUNTIFS('통합테스트 시나리오'!$B$4:$B$272, "2") -> 6 | E13: =COUNTIFS('통합테스트 시나리오'!$B$4:$B$272, "2", '통합테스트 시나리오'!$M$4:$M$272, "Pass") -> 6 | F13: =COUNTIFS('통합테스트 시나리오'!$B$4:$B$272, "2", '통합테스트 시나리오'!$M$4:$M$272, "Fail") -> 0 | G13: =D13-E13-F13 -> 0 | H13: =IFERROR(E13/(E13+F13), 0) -> 1
A14: 1 | B14: 기사 배정 | C14: 기사 배정 | D14: =COUNTIFS('통합테스트 시나리오'!$B$4:$B$272, "2", '통합테스트 시나리오'!$E$4:$E$272, C14) -> 1 | E14: =COUNTIFS('통합테스트 시나리오'!$B$4:$B$272, "2", '통합테스트 시나리오'!$E$4:$E$272, C14, '통합테스트 시나리오'!$M$4:$M$272, "Pass") -> 1 | F14: =COUNTIFS('통합테스트 시나리오'!$B$4:$B$272, "2", '통합테스트 시나리오'!$E$4:$E$272, C14, '통합테스트 시나리오'!$M$4:$M$272, "Fail") -> 0 | G14: =D14-E14-F14 -> 0 | H14: =IFERROR(E14/(E14+F14), 0) -> 1
A15: 2 | B15: 출동 사용 부품 | C15: 출동 사용 부품 | D15: =COUNTIFS('통합테스트 시나리오'!$B$4:$B$272, "2", '통합테스트 시나리오'!$E$4:$E$272, C15) -> 2 | E15: =COUNTIFS('통합테스트 시나리오'!$B$4:$B$272, "2", '통합테스트 시나리오'!$E$4:$E$272, C15, '통합테스트 시나리오'!$M$4:$M$272, "Pass") -> 2 | F15: =COUNTIFS('통합테스트 시나리오'!$B$4:$B$272, "2", '통합테스트 시나리오'!$E$4:$E$272, C15, '통합테스트 시나리오'!$M$4:$M$272, "Fail") -> 0 | G15: =D15-E15-F15 -> 0 | H15: =IFERROR(E15/(E15+F15), 0) -> 1
A16: 3 | B16: 한 사이클 | C16: 한 사이클 | D16: =COUNTIFS('통합테스트 시나리오'!$B$4:$B$272, "2", '통합테스트 시나리오'!$E$4:$E$272, C16) -> 1 | E16: =COUNTIFS('통합테스트 시나리오'!$B$4:$B$272, "2", '통합테스트 시나리오'!$E$4:$E$272, C16, '통합테스트 시나리오'!$M$4:$M$272, "Pass") -> 1 | F16: =COUNTIFS('통합테스트 시나리오'!$B$4:$B$272, "2", '통합테스트 시나리오'!$E$4:$E$272, C16, '통합테스트 시나리오'!$M$4:$M$272, "Fail") -> 0 | G16: =D16-E16-F16 -> 0 | H16: =IFERROR(E16/(E16+F16), 0) -> 1
A17: 4 | B17: 접수 자동 완료 | C17: 접수 자동 완료 | D17: =COUNTIFS('통합테스트 시나리오'!$B$4:$B$272, "2", '통합테스트 시나리오'!$E$4:$E$272, C17) -> 1 | E17: =COUNTIFS('통합테스트 시나리오'!$B$4:$B$272, "2", '통합테스트 시나리오'!$E$4:$E$272, C17, '통합테스트 시나리오'!$M$4:$M$272, "Pass") -> 1 | F17: =COUNTIFS('통합테스트 시나리오'!$B$4:$B$272, "2", '통합테스트 시나리오'!$E$4:$E$272, C17, '통합테스트 시나리오'!$M$4:$M$272, "Fail") -> 0 | G17: =D17-E17-F17 -> 0 | H17: =IFERROR(E17/(E17+F17), 0) -> 1
A18: 5 | B18: 재고 공유 | C18: 재고 공유 | D18: =COUNTIFS('통합테스트 시나리오'!$B$4:$B$272, "2", '통합테스트 시나리오'!$E$4:$E$272, C18) -> 1 | E18: =COUNTIFS('통합테스트 시나리오'!$B$4:$B$272, "2", '통합테스트 시나리오'!$E$4:$E$272, C18, '통합테스트 시나리오'!$M$4:$M$272, "Pass") -> 1 | F18: =COUNTIFS('통합테스트 시나리오'!$B$4:$B$272, "2", '통합테스트 시나리오'!$E$4:$E$272, C18, '통합테스트 시나리오'!$M$4:$M$272, "Fail") -> 0 | G18: =D18-E18-F18 -> 0 | H18: =IFERROR(E18/(E18+F18), 0) -> 1
A20: PROCESS 3 | B20: 출동 승인 (기사 · 센터장) | D20: =COUNTIFS('통합테스트 시나리오'!$B$4:$B$272, "3") -> 6 | E20: =COUNTIFS('통합테스트 시나리오'!$B$4:$B$272, "3", '통합테스트 시나리오'!$M$4:$M$272, "Pass") -> 6 | F20: =COUNTIFS('통합테스트 시나리오'!$B$4:$B$272, "3", '통합테스트 시나리오'!$M$4:$M$272, "Fail") -> 0 | G20: =D20-E20-F20 -> 0 | H20: =IFERROR(E20/(E20+F20), 0) -> 1
A21: 1 | B21: 출동 승인 요청 | C21: 출동 승인 요청 | D21: =COUNTIFS('통합테스트 시나리오'!$B$4:$B$272, "3", '통합테스트 시나리오'!$E$4:$E$272, C21) -> 3 | E21: =COUNTIFS('통합테스트 시나리오'!$B$4:$B$272, "3", '통합테스트 시나리오'!$E$4:$E$272, C21, '통합테스트 시나리오'!$M$4:$M$272, "Pass") -> 3 | F21: =COUNTIFS('통합테스트 시나리오'!$B$4:$B$272, "3", '통합테스트 시나리오'!$E$4:$E$272, C21, '통합테스트 시나리오'!$M$4:$M$272, "Fail") -> 0 | G21: =D21-E21-F21 -> 0 | H21: =IFERROR(E21/(E21+F21), 0) -> 1
A22: 2 | B22: 출동 승인 | C22: 출동 승인 | D22: =COUNTIFS('통합테스트 시나리오'!$B$4:$B$272, "3", '통합테스트 시나리오'!$E$4:$E$272, C22) -> 3 | E22: =COUNTIFS('통합테스트 시나리오'!$B$4:$B$272, "3", '통합테스트 시나리오'!$E$4:$E$272, C22, '통합테스트 시나리오'!$M$4:$M$272, "Pass") -> 3 | F22: =COUNTIFS('통합테스트 시나리오'!$B$4:$B$272, "3", '통합테스트 시나리오'!$E$4:$E$272, C22, '통합테스트 시나리오'!$M$4:$M$272, "Fail") -> 0 | G22: =D22-E22-F22 -> 0 | H22: =IFERROR(E22/(E22+F22), 0) -> 1
A24: PROCESS 4 | B24: 외부 연동 (ERP · 주소) | D24: =COUNTIFS('통합테스트 시나리오'!$B$4:$B$272, "4") -> 7 | E24: =COUNTIFS('통합테스트 시나리오'!$B$4:$B$272, "4", '통합테스트 시나리오'!$M$4:$M$272, "Pass") -> 7 | F24: =COUNTIFS('통합테스트 시나리오'!$B$4:$B$272, "4", '통합테스트 시나리오'!$M$4:$M$272, "Fail") -> 0 | G24: =D24-E24-F24 -> 0 | H24: =IFERROR(E24/(E24+F24), 0) -> 1
A25: 1 | B25: 도로명주소 검색 | C25: 도로명주소 검색 | D25: =COUNTIFS('통합테스트 시나리오'!$B$4:$B$272, "4", '통합테스트 시나리오'!$E$4:$E$272, C25) -> 1 | E25: =COUNTIFS('통합테스트 시나리오'!$B$4:$B$272, "4", '통합테스트 시나리오'!$E$4:$E$272, C25, '통합테스트 시나리오'!$M$4:$M$272, "Pass") -> 1 | F25: =COUNTIFS('통합테스트 시나리오'!$B$4:$B$272, "4", '통합테스트 시나리오'!$E$4:$E$272, C25, '통합테스트 시나리오'!$M$4:$M$272, "Fail") -> 0 | G25: =D25-E25-F25 -> 0 | H25: =IFERROR(E25/(E25+F25), 0) -> 1
A26: 2 | B26: ERP 연동 | C26: ERP 연동 | D26: =COUNTIFS('통합테스트 시나리오'!$B$4:$B$272, "4", '통합테스트 시나리오'!$E$4:$E$272, C26) -> 6 | E26: =COUNTIFS('통합테스트 시나리오'!$B$4:$B$272, "4", '통합테스트 시나리오'!$E$4:$E$272, C26, '통합테스트 시나리오'!$M$4:$M$272, "Pass") -> 6 | F26: =COUNTIFS('통합테스트 시나리오'!$B$4:$B$272, "4", '통합테스트 시나리오'!$E$4:$E$272, C26, '통합테스트 시나리오'!$M$4:$M$272, "Fail") -> 0 | G26: =D26-E26-F26 -> 0 | H26: =IFERROR(E26/(E26+F26), 0) -> 1

Sheet 통합테스트 시나리오
B1: 통합 테스트 시나리오
B2: 프로젝트명 | E2: 한결공조 AS 관리 시스템 | G2: 작성일 | H2: 46313 | J2: 버전 | K2: v1.1 | M2: 작성자 | N2: Edwin
B3: Process | C3: Category | D3: No | E3: 모듈명 | F3: 테스트 항목 | G3: 케이스 ID | H3: 테스트 시나리오 (목적 및 확인 포인트) | I3: 사전 조건 | J3: 입력 데이터 / 단계 | K3: 기대 결과 | L3: 실제 결과 | M3: Pass/Fail | N3: 담당자 | O3: 비고 | P3: I/F
D4: PROCESS 0 · 단위 테스트 (재검증)
B5: 0 | D5: 1 | E5: 전체 Apex 테스트 | F5: RunLocalTests 재실행 | G5: IT-UT-001 | H5: 배포 기준 전체 로컬 테스트를 실행해 모든 테스트 통과·커버리지 75% 이상인지 확인 | I5: • 최신 소스 org 배포 완료 | J5: • sf apex run test --test-level RunLocalTests --code-coverage | K5: • 전체 Pass • org 커버리지 75% 이상 | L5: 2026-10-16: 실행 248건(메서드 224 + @TestSetup 24) 모두 Pass, org 커버리지 96%(실행 ID 707aj00001Ln2Cb) | M5: Pass | N5: Edwin | O5: 단위 테스트 결과(07) V1.1 참고
D6: PROCESS 1 · 전화 접수 · 조회 화면 (상담원 · 역할별 홈)
B7: 1 | D7: 2 | E7: 가상 착신 | F7: 발신 번호로 고객 찾기 · 장비 확정 | G7: IT-CTI-001 | H7: 상담원이 가상 착신에 발신 번호·IVR 증상·시리얼 뒤 4자리를 넣고 [전화 연결] → 사업장 현장 번호로 찾고 시리얼로 장비가 확정되는지 확인 | I7: • 이서연(상담원) 로그인 • 평택 2창고 현장 번호 010-1111-2001 | J7: • 발신 번호 010-1111-2001 • 증상 냉방 불가 · 시리얼 0001 | K7: • 고객사 (주)한빛물류 · 사업장 평택 2창고 · 장비 HG25CH500-0001 자동 선택 | L7: 2026-10-15: 이서연이 같은 번호로 접수 00001966·00001967·00001973 저장(경로 전화, 발신 번호 저장 확인). 2026-10-18 이서연 화면 캡처로 자동 확정 재확인 | M7: Pass | N7: Edwin
B8: 1 | D8: 3 | E8: 접수 작성 팝업 | F8: 접수 저장 → 센터 Queue 배정 | G8: IT-CTI-002 | H8: 접수 저장 시 저장 전 Flow가 고객사·사업장·센터를 채우고 할당 규칙이 센터 Queue로 배정하는지 확인 | I8: • IT-CTI-001 이어서 | J8: • [접수 저장] | K8: • 소유자 = 경기남부·인천센터 접수 Queue | L8: 2026-10-15: 00001966·00001967·00001973 소유자 = "경기남부·인천센터 접수"(조회 확인) | M8: Pass | N8: Edwin
B9: 1 | D9: 4 | E9: 접수 작성 팝업 | F9: 종결 전 접수 경고(BR-11) | G9: IT-CTI-003 | H9: 고른 장비에 종결·취소가 아닌 접수가 있으면 경고와 [기존 접수 열기]가 보이고 저장은 막지 않는지 확인 | I9: • 장비 HG25CH500-0001에 진행 중 접수 있음 | J9: • 가상 착신으로 팝업 열기 | K9: • "종결되지 않은 접수가 N건" 경고 + 상태·제목·접수일 | L9: 2026-10-15: 경고 표시 확인(관리자 화면). 2026-10-18 이서연 화면: "이 장비에 종결되지 않은 접수가 2건 있습니다…" + [기존 접수 열기](화면 설계서 SC-01 5/5) | M9: Pass | N9: Edwin
B10: 1 | D10: 5 | E10: 접수 작성 팝업 | F10: 고객사·사업장 카드 | G10: IT-CTI-004 | H10: 오른쪽 카드에 고객사 거래 상태(미수 주의)·사업장 긴급 용도 배지가 표시되는지 확인 | I10: • (주)한빛물류 거래 상태 미수 주의 • 평택 2창고 용도 냉동창고 | J10: • 가상 착신으로 팝업 열기 | K10: • 미수 주의 배지 · 긴급 용도 배지 · 장비 수 · 종결 전 접수 수 | L10: 2026-10-15 관리자 화면, 2026-10-18 이서연 화면: 미수 주의·긴급 용도 배지, 사업장 3·장비 5, 종결 전 접수 2 표시 | M10: Pass | N10: Edwin
B11: 1 | D11: 6 | E11: 가상 착신 | F11: 기사에게는 안내만 | G11: IT-CTI-005 | H11: 클래스 접근이 없는 협력 기사가 가상 착신을 열면 입력 없이 안내만 보이는지 확인 | I11: • 최민호(기사) 로그인 | J11: • 유틸리티 바 "가상 착신" | K11: • "사용할 수 없음" 안내 | L11: 2026-10-16: 최민호 화면에서 입력 없이 안내만 표시 확인(Edwin) | M11: Pass | N11: Edwin
B12: 1 | D12: 7 | E12: 역할별 홈 | F12: 사용자별 시작 화면 | G12: IT-HOME-001 | H12: 프로필별 홈이 역할에 맞는 안내·목록·차트로 열리는지 확인 | I12: • 프로필 HG 콜센터 상담원·HG 센터장·HG 협력 기사, 관리자 = 앱 기본 홈 | J12: • 이서연·김병철·최민호·관리자로 홈 탭 열기 | K12: • 상담원: 장비 검색 안내·오늘 내가 받은 접수·긴급 접수·반복 고장 장비 • 센터장: 안내 → 배정 대기 → 재배정 필요 → 승인할 항목 → 종결 대기 → 센터 차트 • 기사: 내 출동·내 차량 재고 • 관리자: ERP 실패·확인 필요 + 운영 대시보드 | L12: 2026-10-16: 상담원·센터장·기사 홈 화면 확인(Edwin). 2026-10-18 네 사용자 화면 캡처(화면 설계서 HM-01~04), 센터장 홈 순서·빈 목록 표시 확인 | M12: Pass | N12: Edwin
B13: 1 | D13: 8 | E13: 조회 화면 | F13: 장비·사업장·고객사 출동 요약 · 출동 이력 | G13: IT-HOME-002 | H13: 장비·사업장·고객사 레코드 페이지에 누적 청구액·방문 출동 수 요약과 출동 이력(최신 5건 + 모두 보기)이 보이는지 확인 | I13: • 이서연(상담원) 로그인 • (주)한빛물류 · 평택 2창고 · HG25CH500-0001 | J13: • 장비·사업장·고객사 레코드 열기(고객사·사업장은 관련됨 탭) | K13: • "누적 청구액 ₩N · 방문 출동 N건 (도착·승인 대기·완료 기준)" + 출동 이력 5건 | L13: 2026-10-18 이서연 화면: 장비 ₩20,550,000 · 방문 9건, 사업장 평택 2창고 ₩22,185,000 · 방문 12건, 고객사 (주)한빛물류 ₩23,170,000 · 방문 14건, 각 출동 이력 5건 + [모두 보기] | M13: Pass | N13: Edwin | O13: 집계 Apex 테스트 WorkOrderChargeServiceTest
D14: PROCESS 2 · 배정 · 출동 · 재고 (센터장 · 기사)
B15: 2 | D15: 9 | E15: 기사 배정 | F15: 센터장 [기사 배정]으로 출동 생성 | G15: IT-WO-001 | H15: 센터장이 접수 [기사 배정]으로 우리 센터 기사를 골라 출동을 만들면 접수 값이 복사되고 접수가 처리 중이 되는지 확인 | I15: • 김병철(센터장) 로그인 • 경기남부 접수(상태 접수) | J15: • 접수 → [기사 배정] → 기사 최민호·목적·방문 예정 일시 | K15: • 출동 생성(소유자 최민호, 상태 배정, 회차), 접수 처리 중 | L15: 2026-10-16: 김병철이 [기사 배정]으로 출동 00000041·00000049 생성(소유자 최민호, 접수 처리 중). 00000041은 최민호 거절 후 정리 | M15: Pass | N15: Edwin
B16: 2 | D16: 10 | E16: 출동 사용 부품 | F16: 차량 재고로 부품 사용 · 유무상 판정 | G16: IT-WO-002 | H16: 기사가 출동 화면에서 자기 차량 재고를 골라 사용 부품을 저장하면 유·무상이 판정되고 ERP로 전송되는지 확인 | I16: • 최민호(기사) 로그인 · 자기 차량 재고 있음 | J16: • 부품 추가: 재고 선택 + 수량 | K16: • 저장 · 자동 판정 · ERP 전송 상태 Synced | L16: 최민호가 저장한 사용 부품 3건 모두 ERP 전송 완료(Synced) — org 조회. 2026-10-13 첫 시도는 외부 자격 증명 권한 결함으로 실패 → 수정 후 성공 | M16: Pass | N16: Edwin | O16: 결함 이력: 수정사항관리 | P16: IF-03
B17: 2 | D17: 11 | E17: 출동 사용 부품 | F17: 차량 재고 초과 거부 | G17: IT-WO-003 | H17: 남은 수량보다 많이 입력하면 저장이 거부되고 재고 이동으로 보충한 뒤에는 저장되는지 확인 | I17: • 최민호(기사) 로그인 • [시연/재고 부족] 출동(차량 배수펌프 DP-4 1개) | J17: • 수량 2 입력 → 재고 이동(창고 → 차량) 수령 → 다시 2 입력 | K17: • "차량 재고가 부족합니다" 거부 → 보충 후 저장 | L17: 2026-10-18 시연 연습 [시연/재고 부족]: 최민호가 배수펌프 DP-4 2개 추가 → "남은 1개" 거부 → 재고 이동(경기남부 창고 → 차량 2) 수령, ERP 반영 → 다시 2개 추가 성공, Salesforce·ERP 모두 차감(Edwin 화면 확인) | M17: Pass | N17: Edwin | P17: IF-06
B18: 2 | D18: 12 | E18: 한 사이클 | F18: 접수 → 배정 → 부품 → 완료 → 종결 | G18: IT-WO-004 | H18: 상담원 접수부터 종결까지 세 사용자가 실제 화면으로 한 번에 처리되는지 확인 | I18: • 이서연·김병철·최민호 로그인 | J18: • 가상 착신 010-1111-2002 → 중복 경고 00001028 [기존 접수 열기] → 김병철 [기사 배정] → 최민호 수락·도착·부품 → 완료 → 종결 | K18: • 새 접수 없이 기존 접수로 처리, 출동 생성·부품 ERP 전송·승인 불필요 안내, 종결 후 수정 잠김 | L18: 2026-10-16: 00001028 → 출동 00000049 → 냉매 R-404A 0.5kg(차량 14.5→14.0, ERP 완료) → 승인 불필요 안내(₩20,000 / 기준 ₩500,000) → 출동 완료 → 접수 완료 → 종결 → 수정 시 잠김 경고. 실습 중 결함 1건(출장비 빈칸) 수정 | M18: Pass | N18: Edwin | O18: 결함 이력: 수정사항관리 | P18: IF-03
B19: 2 | D19: 13 | E19: 접수 자동 완료 | F19: 접수 자동 완료 · 종결 대기 · BR-18 | G19: IT-WO-005 | H19: 마지막 열린 출동이 완료되면 접수가 자동 완료되고 센터장 "종결 대기 접수"에 보이며, 열린 출동이 있으면 완료·종결할 수 없는지 확인 | I19: • 처리 중 접수 + 출동 1건 | J19: • 출동 완료 → 센터장 홈 확인 | K19: • 접수 완료(열린 0·완료 1), 종결 대기 목록 표시, 열린 출동이 있으면 완료·종결 거부 | L19: 2026-10-18 시연 준비: 출동 00000064·00000065 완료 → 접수 00001996·00001997 자동 완료(열린 0·완료 1), 종결 대기 3건(조회). 리셋 검증: 종결 → 완료 복원. 열린 출동 거부는 Apex 테스트 CaseWorkOrderStatsServiceTest(상담원 runAs) Pass | M19: Pass | N19: Edwin
B20: 2 | D20: 14 | E20: 재고 공유 | F20: 다른 센터 창고 재고 비공개 | G20: IT-WO-006 | H20: 경기남부 기사·센터장은 경기남부 창고 재고만 읽고 다른 센터(서울) 창고 재고는 못 보는지 확인 | I20: • 검증용 서울 창고 위치·재고 1건(조회 후 삭제) • 조건 기준 공유 규칙 HG_GyeonggiSouth_Warehouse_Stock_Tech | J20: • UserRecordAccess(HasReadAccess) × 김병철·최민호·이서연 | K20: • 서울 창고 재고: 김병철·최민호 읽기 없음 / 경기남부 창고 재고 14건 읽기 유지 | L20: 2026-10-16: 규칙 교체 전 결함(서울 창고 재고 읽기) 발견 → 조건 기준 규칙으로 교체 후 서울 창고 재고 김병철·최민호 읽기 없음, 경기남부 창고 재고 14건 유지, 상담원 전체 읽기 유지 | M20: Pass | N20: Edwin | O20: 결함 이력: 수정사항관리 · 재고 이동 공유 없음은 한계
D21: PROCESS 3 · 출동 승인 (기사 · 센터장)
B22: 3 | D22: 15 | E22: 출동 승인 요청 | F22: 승인 불필요 출동 안내 | G22: IT-APV-001 | H22: 예외 무상이 없고 청구 합계가 기준 이하인 출동에서 [승인 요청]을 누르면 안내만 나오는지 확인 | I22: • 출동 00000038(500,000)·00000039(30,000) | J22: • 빠른 작업 [승인 요청] | K22: • "승인이 필요하지 않습니다" 안내 | L22: 2026-10-16: 최민호 화면에서 "승인이 필요하지 않습니다" 안내 확인(Edwin) | M22: Pass | N22: Edwin
B23: 3 | D23: 16 | E23: 출동 승인 요청 | F23: 기사 승인 요청 제출 | G23: IT-APV-002 | H23: 기준 초과 출동에서 기사가 사유·고객 동의를 넣어 승인 요청 → 센터장에게 승인 요청이 가는지 확인 | I23: • 최민호(기사) · Manager = 김병철 • 출동 00000037 청구 합계 1,200,000 | J23: • 사유 "고객 과실" · 고객 동의 체크 | K23: • 상태 승인 대기, 승인자 김병철 | L23: 2026-10-15 17:46: 최민호 제출(사유 "고객 과실", 고객 동의 저장), 승인자 김병철 — org 승인 기록. 출동의 [승인 요청] 빠른 작업으로 제출(Edwin) | M23: Pass | N23: Edwin
B24: 3 | D24: 17 | E24: 출동 승인 | F24: 센터장 승인 | G24: IT-APV-003 | H24: 센터장이 승인하면 출동이 도착 상태로 돌아오고 승인 상태가 승인으로 바뀌는지 확인 | I24: • IT-APV-002 이어서 · 김병철 로그인 | J24: • 승인 요청 → [승인] | K24: • 승인 상태 Approved · 상태 Arrived | L24: 2026-10-15 17:47: 김병철 승인, 출동 00000037 승인 상태 Approved · 상태 Arrived(조회 확인) | M24: Pass | N24: Edwin
B25: 3 | D25: 18 | E25: 출동 승인 | F25: 반려 시 사유 필수 · 도착 복귀 | G25: IT-APV-004 | H25: 센터장이 반려하면 반려 사유가 필수이고 출동이 도착으로 돌아오는지 확인 | I25: • 승인 대기 출동 | J25: • [반려] + 반려 사유 | K25: • 상태 Arrived, 예외 무상은 유상 전환 | L25: 2026-10-11: 출동 00000001 반려 기록(org 승인 기록). 2026-10-18 시연 연습 [시연/승인 반려]: 김병철 거부 후 예외 무상 부품이 유상으로 전환(HG_WO_AfterReject) 확인 | M25: Pass | N25: Edwin | O25: 유상 전환: 2026-10-18 시연 연습에서 확인(Edwin)
B26: 3 | D26: 19 | E26: 출동 승인 요청 | F26: 기사 화면 [승인 요청] 표시 | G26: IT-APV-005 | H26: 협력 기사의 출동 화면 강조 패널에 빠른 작업 [승인 요청]이 보이는지 확인 | I26: • 최민호(기사) 로그인 | J26: • 출동 레코드 화면 열기 | K26: • [승인 요청] 버튼 표시 | L26: 2026-10-15 버튼 미표시 → 원인: 출동 피드 추적으로 빠른 작업이 Chatter 게시자 영역에 배치(페이지에 피드 없음). 강조 표시 패널을 동적 작업으로 전환 후 최민호 화면에서 표시 확인. Flow 실행 권한은 추가하지 않음(개별 Flow 접근만으로 동작) | M26: Pass | N26: Edwin | O26: 결함 수정 후 재확인
B27: 3 | D27: 20 | E27: 출동 승인 | F27: 승인 요청 요약 · 승인할 항목 | G27: IT-APV-006 | H27: 기사가 제출하면 승인 요청 요약(이유·부품별 줄·사유·고객 동의·메모)이 제출 댓글·출동 필드에 남고, 센터장 홈 "승인할 항목"과 승인 화면 필드 13개로 판단할 수 있는지 확인 | I27: • [테스트] 접수 00001980 · 출동 00000050(₩850,000) | J27: • 최민호 [승인 요청] 제출 → 김병철 홈 "승인할 항목" → 승인 화면 | K27: • 승인할 항목에 00000050 표시, 승인 화면 필드 13개, 제출자 댓글 = 요약 | L27: 2026-10-16: 김병철 홈 "승인할 항목"에 00000050 표시, 승인 화면 필드·제출자 댓글(요약) 확인 → 회수, 테스트 데이터(접수 00001980·출동 00000050·사용 부품 2) 삭제 | M27: Pass | N27: Edwin | O27: 결함 이력: 수정사항관리(요약 줄바꿈)
D28: PROCESS 4 · 외부 연동 (ERP · 주소)
B29: 4 | D29: 21 | E29: 도로명주소 검색 | F29: 주소 검색 실제 호출 | G29: IT-IF-001 | H29: 사업장 빠른 작업 "주소 검색"이 도로명주소 API를 호출해 결과를 보여 주는지 확인 | I29: • 승인키(보안 주체 HG_JusoPrincipal) 입력됨 | J29: • 검색어 "평택로 32" | K29: • 결과 목록 · 더 보기 | L29: 2026-10-13 실제 호출 확인, 2026-10-15 "평택로 32" 24건 중 10건 표시(화면 캡처), 2026-10-18 이서연 화면 "판교역로 166" 결과 표시 | M29: Pass | N29: Edwin | P29: IF-07
B30: 4 | D30: 22 | E30: ERP 연동 | F30: 사용 부품 → ERP 차감 | G30: IT-IF-002 | H30: 사용 부품 저장 후 Queueable이 ERP Mock에 차감을 보내고 결과·남은 수량을 기록하는지 확인 | I30: • Named Credential HG_ErpMock · 기사 보안 주체 접근 | J30: • IT-WO-002의 사용 부품 | K30: • ErpSyncStatus__c = Synced, ERP 남은 수량 기록 | L30: 2026-10-13 실제 연동 확인, 최민호 사용 부품 3건 Synced(조회) | M30: Pass | N30: Edwin | P30: IF-03
B31: 4 | D31: 23 | E31: ERP 연동 | F31: 실패 건 재전송 | G31: IT-IF-003 | H31: ERP 장애로 실패한 전송을 매시 재전송 Batch가 다시 보내는지 확인 | I31: • ERP Mock 장애 모드(503) | J31: • 장애 중 저장 → 장애 해제 → 재전송 실행 | K31: • Failed → Synced | L31: 2026-10-13 수동 재전송 실행 확인(decision-log ERP 12·13). 연동 전 대기 건 이중 차감 사고 기록 있음 | M31: Pass | N31: Edwin | O31: 사고 기록: decision-log ERP 13 | P31: IF-03
B32: 4 | D32: 24 | E32: ERP 연동 | F32: ERP 재고 변동 푸시 | G32: IT-IF-004 | H32: ERP Mock에서 입고·조정하면 즉시 Salesforce 재고에 변동량만큼 반영되는지 확인 | I32: • 외부 클라이언트 앱 · 연동 사용자 권한 2개 | J32: • ERP Mock 입고 +1, 조정 −5 | K32: • 화면 "즉시 반영됨", 재고 19 → 20 → 15 | L32: 2026-10-15: #47 입고 +1·#48 조정 −5 즉시 반영, ERP 기록 "· 푸시"(작성자 ERP 연동). 첫 호출은 공유·권한 결함 2건 → 수정 후 성공 | M32: Pass | N32: Edwin | O32: 결함 이력: 수정사항관리 | P32: IF-02-P
B33: 4 | D33: 25 | E33: ERP 연동 | F33: ERP 재고 변동 가져오기(안전망) | G33: IT-IF-005 | H33: 푸시로 이미 반영된 변동은 가져오기에서 중복으로 건너뛰고 기준 번호만 올리는지 확인 | I33: • IT-IF-004 이어서 | J33: • 가져오기 수동 실행 | K33: • 중복 2건 건너뜀, 기준 번호 46 → 48 | L33: 2026-10-15: 중복 2건 건너뜀, 기준 번호 46 → 48, #43~#46은 가져오기로 반영 | M33: Pass | N33: Edwin | P33: IF-02-R
B34: 4 | D34: 26 | E34: ERP 연동 | F34: 재고 이동 수령 → ERP | G34: IT-IF-006 | H34: 창고 → 기사 차량 재고 이동을 기사가 수령하면 ERP로 이동이 전송되는지 확인 | I34: • 경기남부 창고 재고 · 최민호 차량 | J34: • 재고 이동 생성 → 수령 | K34: • ErpSyncStatus__c = Synced, Salesforce·ERP 재고 일치 | L34: 2026-10-16: PT-0005 최민호가 창고 PI-0035(냉매 R-404A)에서 1kg 수령 → Salesforce·ERP 모두 창고 50→49 · 차량 13.5→14.5, ERP 완료·불일치 없음 | M34: Pass | N34: Edwin | P34: IF-06
B35: 4 | D35: 27 | E35: ERP 연동 | F35: ERP Mock 입고 푸시 화면 확인 | G35: IT-IF-007 | H35: ERP Mock 재고 화면에서 입고하면 화면에 Salesforce 반영 결과가 바로 보이고, Salesforce 동기화 기록에 푸시로 남는지 확인 | I35: • ERP Mock 재고 화면(/) • 경기남부 창고 재고 | J35: • 입고 +1 → 결과 확인 → 조정 −1로 되돌림 | K35: • 화면 "즉시 반영됨", Salesforce 창고 +1, 동기화 기록 "· 푸시" | L35: 2026-10-18: 입고 +1 → "즉시 반영됨" → Salesforce 창고 +1, 동기화 기록 "· 푸시", 조정 −1로 되돌림(Edwin 화면 확인) | M35: Pass | N35: Edwin | P35: IF-02-P

Sheet LOV
B2: Pass/Fail | D2: 테스트 구분
B3: Pass | D3: 단위 테스트
B4: In Progress | D4: 통합 테스트 (1차)
B5: Fail | D5: 통합 테스트 (2차)
D6: Open전 Test

Sheet I-F 테스트 결과
A1: I/F 테스트 결과 매트릭스
A2: 각 I/F별 테스트 케이스 수와 Pass/Fail을 [통합테스트 시나리오] 시트의 I/F 열(P)로 자동 집계합니다. 미실행은 Pass·Fail 어느 쪽에도 넣지 않습니다.
A3: I/F # | B3: 명칭 | C3: 방식 | D3: 방향 | E3: 총 케이스 | F3: Pass | G3: Fail | H3: 합격률
A4: IF-02-P | B4: 재고 변동 푸시 | C4: REST (Apex REST, OAuth) | D4: ERP → SFDC | E4: =SUMPRODUCT((ISNUMBER(SEARCH("IF-02-P", '통합테스트 시나리오'!$P$4:$P$272)))*1) -> 2 | F4: =SUMPRODUCT((ISNUMBER(SEARCH("IF-02-P", '통합테스트 시나리오'!$P$4:$P$272)))*('통합테스트 시나리오'!$M$4:$M$272="Pass")) -> 2 | G4: =SUMPRODUCT((ISNUMBER(SEARCH("IF-02-P", '통합테스트 시나리오'!$P$4:$P$272)))*('통합테스트 시나리오'!$M$4:$M$272="Fail")) -> 0 | H4: =IFERROR(F4/(F4+G4), 0) -> 1
A5: IF-02-R | B5: 재고 변동 가져오기 | C5: REST (Batch) | D5: ERP → SFDC | E5: =SUMPRODUCT((ISNUMBER(SEARCH("IF-02-R", '통합테스트 시나리오'!$P$4:$P$272)))*1) -> 1 | F5: =SUMPRODUCT((ISNUMBER(SEARCH("IF-02-R", '통합테스트 시나리오'!$P$4:$P$272)))*('통합테스트 시나리오'!$M$4:$M$272="Pass")) -> 1 | G5: =SUMPRODUCT((ISNUMBER(SEARCH("IF-02-R", '통합테스트 시나리오'!$P$4:$P$272)))*('통합테스트 시나리오'!$M$4:$M$272="Fail")) -> 0 | H5: =IFERROR(F5/(F5+G5), 0) -> 1
A6: IF-03 | B6: 사용 부품 차감 | C6: REST (Queueable) | D6: SFDC → ERP | E6: =SUMPRODUCT((ISNUMBER(SEARCH("IF-03", '통합테스트 시나리오'!$P$4:$P$272)))*1) -> 4 | F6: =SUMPRODUCT((ISNUMBER(SEARCH("IF-03", '통합테스트 시나리오'!$P$4:$P$272)))*('통합테스트 시나리오'!$M$4:$M$272="Pass")) -> 4 | G6: =SUMPRODUCT((ISNUMBER(SEARCH("IF-03", '통합테스트 시나리오'!$P$4:$P$272)))*('통합테스트 시나리오'!$M$4:$M$272="Fail")) -> 0 | H6: =IFERROR(F6/(F6+G6), 0) -> 1
A7: IF-06 | B7: 재고 이동 | C7: REST (Queueable) | D7: SFDC → ERP | E7: =SUMPRODUCT((ISNUMBER(SEARCH("IF-06", '통합테스트 시나리오'!$P$4:$P$272)))*1) -> 2 | F7: =SUMPRODUCT((ISNUMBER(SEARCH("IF-06", '통합테스트 시나리오'!$P$4:$P$272)))*('통합테스트 시나리오'!$M$4:$M$272="Pass")) -> 2 | G7: =SUMPRODUCT((ISNUMBER(SEARCH("IF-06", '통합테스트 시나리오'!$P$4:$P$272)))*('통합테스트 시나리오'!$M$4:$M$272="Fail")) -> 0 | H7: =IFERROR(F7/(F7+G7), 0) -> 1
A8: IF-07 | B8: 도로명주소 검색 | C8: REST (form → JSON) | D8: SFDC → 주소 API | E8: =SUMPRODUCT((ISNUMBER(SEARCH("IF-07", '통합테스트 시나리오'!$P$4:$P$272)))*1) -> 1 | F8: =SUMPRODUCT((ISNUMBER(SEARCH("IF-07", '통합테스트 시나리오'!$P$4:$P$272)))*('통합테스트 시나리오'!$M$4:$M$272="Pass")) -> 1 | G8: =SUMPRODUCT((ISNUMBER(SEARCH("IF-07", '통합테스트 시나리오'!$P$4:$P$272)))*('통합테스트 시나리오'!$M$4:$M$272="Fail")) -> 0 | H8: =IFERROR(F8/(F8+G8), 0) -> 1
A11: 합계 | E11: =SUM(E4:E9) -> 10 | F11: =SUM(F4:F9) -> 10 | G11: =SUM(G4:G9) -> 0 | H11: =IFERROR(F11/(F11+G11), 0) -> 1
A13: 【범례 / 검증 기준】
A14: IF-02-P 재고 변동 푸시 | C14: ERP Mock 입고·조정 직후 Apex REST(/services/apexrest/hg/erp/movements) 호출 → 재고 변동량 반영
A15: IF-02-R 재고 변동 가져오기 | C15: 매시 30분 Batch가 ERP 이력 번호 이후만 조회, 이미 기록된 번호는 건너뜀
A16: IF-03 사용 부품 차감 | C16: 사용 부품 저장 → Queueable → ERP 차감, 실패는 매시 재전송
A17: IF-06 재고 이동 | C17: 재고 이동 수령 → Queueable → ERP 출발 차감·도착 증가
A18: IF-07 도로명주소 검색 | C18: 사업장·고객사 주소 검색 → 행정안전부 API, 사업장 센터 자동 지정

Sheet 수정사항관리
F1: 테스트 수정 사항 관리
B2: 프로젝트명 | C2: 한결공조 AS 관리 시스템 | E2: 작성일 | F2: 46313 | H2: 버전 | I2: v1.1 | L2: 작성자
A3: 구분 | B3: No. | C3: 메뉴 (발생 단계) | D3: 상세 요청 내용 | E3: 결함 유형 | F3: 요청자 | G3: 요청일자 | H3: 담당자 | I3: 완료 예정일자 | J3: 처리완료일자 | K3: 상태 | L3: 비고
A4: 수정 사항 목록 (단위 테스트 = 개발·테스트 중 발견, 통합 테스트 (1차) = 실제 사용자·실제 호출에서 발견)
A5: 단위 테스트 | B5: 1 | C5: 접수·사용 부품(전체 화면) | D5: API 67.0 기본 user mode로 상담원 접수 시 장비 집계 저장 안 됨, 기사 사용 부품 저장 불가 → 조회·DML 접근 모드 명시(시스템 계산 SYSTEM_MODE) | E5: 오류 | F5: Edwin | G5: 46307 | H5: Edwin | I5: 46307 | J5: 46307 | K5: 완료 | L5: D6, 상담원·기사 runAs 테스트 추가 중 발견
A6: 통합 테스트 (1차) | B6: 2 | C6: 출동 사용 부품(ERP 전송) | D6: 기사가 저장한 부품이 ERP로 전송되지 않음 → 외부 자격 증명 권한 집합 4개에 UserExternalCredential 읽기 추가 | E6: 오류 | F6: Edwin | G6: 46308 | H6: Edwin | I6: 46308 | J6: 46308 | K6: 완료 | L6: Login As 최민호(PC-245)
A7: 단위 테스트 | B7: 3 | C7: 사업장 등록 | D7: 상담원이 사업장을 등록하지 못함(서비스센터 편집 권한 없음) → 트리거가 주소 매핑으로 센터 지정 | E7: 수정 | F7: Edwin | G7: 46309 | H7: Edwin | I7: 46309 | J7: 46309 | K7: 완료 | L7: 센터 완전 자동(decision-log 도로명주소 9)
A8: 단위 테스트 | B8: 4 | C8: 출동 사용 부품 | D8: 차량 재고보다 많은 수량 입력 가능 → 화면·컨트롤러·트리거(VanStockService)에서 거부 | E8: 수정 | F8: Edwin | G8: 46309 | H8: Edwin | I8: 46309 | J8: 46309 | K8: 완료 | L8: 보안 R1
A9: 단위 테스트 | B9: 5 | C9: 고객사·사업장 등록 | D9: "새로 만들기"를 다시 누르면 이전 입력값이 남음(재정의 화면 캐시) → pageReference 변경 시 다시 그림 | E9: 오류 | F9: Edwin | G9: 46309 | H9: Edwin | I9: 46309 | J9: 46309 | K9: 완료 | L9: 커밋 6e68ed4
A10: 단위 테스트 | B10: 6 | C10: 고객사·사업장 등록 | D10: 주소 검색칸 Enter가 등록 화면 저장으로 이어짐 → Enter = 바로 검색 | E10: 오류 | F10: Edwin | G10: 46309 | H10: Edwin | I10: 46309 | J10: 46309 | K10: 완료
A11: 단위 테스트 | B11: 7 | C11: ERP Mock 재고 화면 | D11: 입고·조정 입력에 API 키가 브라우저 화면에 필요했음 → 화면 전용 주소(키 없음)로 분리 | E11: 수정 | F11: Edwin | G11: 46309 | H11: Edwin | I11: 46309 | J11: 46309 | K11: 완료
A12: 단위 테스트 | B12: 8 | C12: 출동 사용 부품 | D12: 부품 추가의 차량 재고 목록을 고를 수 없음(option에 disabled="false" 남음) → false 대신 null | E12: 오류 | F12: Edwin | G12: 46310 | H12: Edwin | I12: 46310 | J12: 46310 | K12: 완료 | L12: 커밋 375728a
A13: 통합 테스트 (1차) | B13: 9 | C13: ERP 푸시(IF-02-P) | D13: 연동 사용자 호출에서 위치를 못 찾음(SYSTEM_MODE도 공유는 클래스 선언을 따름) → 입구 without sharing | E13: 오류 | F13: Edwin | G13: 46310 | H13: Edwin | I13: 46310 | J13: 46310 | K13: 완료 | L13: 커밋 f3290d9, 테스트 normalAppliedByUserWithoutRecordAccess
A14: 통합 테스트 (1차) | B14: 10 | C14: ERP 푸시(IF-02-P) | D14: 연동 사용자가 재고 저장 불가(FIELD_INTEGRITY_EXCEPTION) → 재고·위치·제품 읽기 권한 집합 추가 | E14: 오류 | F14: Edwin | G14: 46310 | H14: Edwin | I14: 46310 | J14: 46310 | K14: 완료 | L14: HG_ErpIntegrationData
A15: 통합 테스트 (1차) | B15: 11 | C15: 출동 승인 요청 | D15: 협력 기사 화면에 [승인 요청] 빠른 작업이 보이지 않음 → 원인: 출동 피드 추적이 켜져 빠른 작업이 Chatter 게시자 영역에 배치됐는데 출동 레코드 페이지에 피드 구성 요소가 없음. 강조 표시 패널을 동적 작업으로 전환(편집·승인 요청·소유자 변경·복제·삭제) | E15: 오류 | F15: Edwin | G15: 46310 | H15: Edwin | I15: 46311 | J15: 46311 | K15: 완료 | L15: 처음 추정(Flow 실행 권한)은 원인 아님. 최민호 화면 확인
A16: 단위 테스트 | B16: 12 | C16: 사용 부품 삭제 | D16: 삭제 시 표준과 Apex가 모두 재고를 되돌려 이중 증가(R6) → Apex 되돌림 제거, 테스트 기대값 수정(한 트랜잭션에선 표준 되돌림 없음), org에서 표준 1회 되돌림 확인(14.5→13.5→14.5) | E16: 수정 | F16: Edwin | G16: 46309 | H16: Edwin | I16: 46311 | J16: 46311 | K16: 완료 | L16: decision-log ERP 19
A17: 통합 테스트 (1차) | B17: 13 | C17: 출동 생성(표준 새로 만들기) | D17: 접수 없이 만든 출동의 서비스센터가 비어 센터장 공유 규칙이 걸리지 않음(5건) → 저장 전 Flow 안전망(접수 값 복사) + 기존 출동 채움, 출동 생성은 [기사 배정]으로 일원화 | E17: 오류 | F17: Edwin | G17: 46311 | H17: Edwin | I17: 46311 | J17: 46311 | K17: 완료 | L17: 채운 뒤 센터장 역할 공유 생성 확인
A18: 통합 테스트 (1차) | B18: 14 | C18: 출동 탭 앱 내 안내 | D18: 안내 팝업이 아무에게도 뜨지 않음(대상 페이지 home, 출동 탭은 목록 list로 열림) → list로 수정(이후 게시 해제 결정) | E18: 오류 | F18: Edwin | G18: 46311 | H18: Edwin | I18: 46311 | J18: 46311 | K18: 완료 | L18: 표시 기록 0건으로 발견
A19: 통합 테스트 (1차) | B19: 15 | C19: 재고 공유 규칙 | D19: 다른 센터 창고 재고가 경기남부 기사·센터장에게 보임(소유자 기준 규칙: 관리자 소유 재고 전부) → 재고 서비스센터·창고 재고 필드 + 조건 기준 규칙 | E19: 오류 | F19: Edwin | G19: 46311 | H19: Edwin | I19: 46311 | J19: 46311 | K19: 완료 | L19: 검증용 서울 창고 레코드로 발견, 테스트 ProductItemLocationFlowTest
A20: 통합 테스트 (1차) | B20: 16 | C20: 기사 배정 출동 출장비 | D20: [기사 배정] 출동에 출장비가 비어 청구 합계에서 빠짐 → DispatchService 출장비 = ServiceSetting VisitFee, 저장 전 Flow 안전망 | E20: 오류 | F20: Edwin | G20: 46311 | H20: Edwin | I20: 46311 | J20: 46311 | K20: 완료 | L20: 한 사이클 실습 중 발견(00000049)
A21: 단위 테스트 | B21: 17 | C21: 승인 요청 요약 | D21: Flow 텍스트 템플릿 앞뒤 줄바꿈이 지워져 요약 줄이 붙음 → 줄바꿈을 템플릿 가운데에 둠 | E21: 오류 | F21: Edwin | G21: 46311 | H21: Edwin | I21: 46311 | J21: 46311 | K21: 완료 | L21: WorkOrderApprovalFlowTest로 발견
A22: 단위 테스트 | B22: 18 | C22: 접수 완료 검증 규칙 테스트 | D22: 관리자(검증 우회 권한)로 실행한 테스트에서 BR-18 규칙이 동작하지 않음 → 상담원 사용자로 runAs | E22: 수정 | F22: Edwin | G22: 46311 | H22: Edwin | I22: 46311 | J22: 46311 | K22: 완료 | L22: CaseWorkOrderStatsServiceTest
A23: 단위 테스트 | B23: 19 | C23: 개발 도구(커밋 훅) | D23: Prettier가 권한 집합 <flow> 값을 JS로 포맷해 망가뜨림 → XML 내장 언어 포맷 끔 | E23: 오류 | F23: Edwin | G23: 46310 | H23: Edwin | I23: 46310 | J23: 46310 | K23: 완료 | L23: 커밋 22c613a
