Workbook

Sheet 현황표
A1: [한결공조 AS 관리 시스템 Cut-Over 진행 현황] | I1: =NOW() -> 46311.383
A2: ※ 가정: dev org 개발 → 샌드박스 검증 → 운영 배포. 날짜는 운영 D-day 확정 후 기입(현재는 D-n 기준). 절차 상세: docs/deploy_procedure.md
A4: 【1】 작업명별 진행 현황
A5: 단계/작업명 | B5: 전체 계획 | C5: 시작전 | D5: 진행중 | E5: 완료 | F5: 시작 지연 | G5: 종료 지연 | H5: 진척률 | I5: 비고
A6: 합계 | B6: =SUM(B7:B19) -> 32 | C6: =SUM(C7:C19) -> 30 | D6: =SUM(D7:D19) -> 0 | E6: =SUM(E7:E19) -> 2 | F6: =SUM(F7:F19) -> 0 | G6: =SUM(G7:G19) -> 0 | H6: =IF(B6=0,0,E6/B6) -> 0.0625
A7: 사전 작업 | B7: =COUNTIF('Cut Over'!$D:$D,$A7) -> 3 | C7: =COUNTIFS('Cut Over'!$D:$D,$A7,'Cut Over'!$F:$F,"시작전") -> 1 | D7: =COUNTIFS('Cut Over'!$D:$D,$A7,'Cut Over'!$F:$F,"진행중") -> 0 | E7: =COUNTIFS('Cut Over'!$D:$D,$A7,'Cut Over'!$F:$F,"완료") -> 2 | F7: =COUNTIFS('Cut Over'!$D:$D,$A7,'Cut Over'!$F:$F,"시작전",'Cut Over'!$AB:$AB,"<"&TODAY()) -> 0 | G7: =COUNTIFS('Cut Over'!$D:$D,$A7,'Cut Over'!$F:$F,"<>완료",'Cut Over'!$AE:$AE,"<"&TODAY(),'Cut Over'!$AE:$AE,"<>"&"") -> 0 | H7: =IF(B7=0,0,E7/B7) -> 0.66666667 | I7: 저장소·org 비교, 테스트
A8: 배포 준비 | B8: =COUNTIF('Cut Over'!$D:$D,$A8) -> 4 | C8: =COUNTIFS('Cut Over'!$D:$D,$A8,'Cut Over'!$F:$F,"시작전") -> 4 | D8: =COUNTIFS('Cut Over'!$D:$D,$A8,'Cut Over'!$F:$F,"진행중") -> 0 | E8: =COUNTIFS('Cut Over'!$D:$D,$A8,'Cut Over'!$F:$F,"완료") -> 0 | F8: =COUNTIFS('Cut Over'!$D:$D,$A8,'Cut Over'!$F:$F,"시작전",'Cut Over'!$AB:$AB,"<"&TODAY()) -> 0 | G8: =COUNTIFS('Cut Over'!$D:$D,$A8,'Cut Over'!$F:$F,"<>완료",'Cut Over'!$AE:$AE,"<"&TODAY(),'Cut Over'!$AE:$AE,"<>"&"") -> 0 | H8: =IF(B8=0,0,E8/B8) -> 0 | I8: 매니페스트·검증 배포·백업
A9: 샌드박스 배포 | B9: =COUNTIF('Cut Over'!$D:$D,$A9) -> 3 | C9: =COUNTIFS('Cut Over'!$D:$D,$A9,'Cut Over'!$F:$F,"시작전") -> 3 | D9: =COUNTIFS('Cut Over'!$D:$D,$A9,'Cut Over'!$F:$F,"진행중") -> 0 | E9: =COUNTIFS('Cut Over'!$D:$D,$A9,'Cut Over'!$F:$F,"완료") -> 0 | F9: =COUNTIFS('Cut Over'!$D:$D,$A9,'Cut Over'!$F:$F,"시작전",'Cut Over'!$AB:$AB,"<"&TODAY()) -> 0 | G9: =COUNTIFS('Cut Over'!$D:$D,$A9,'Cut Over'!$F:$F,"<>완료",'Cut Over'!$AE:$AE,"<"&TODAY(),'Cut Over'!$AE:$AE,"<>"&"") -> 0 | H9: =IF(B9=0,0,E9/B9) -> 0 | I9: 조직 설정·메타데이터·수동 설정
A10: 샌드박스 검증 | B10: =COUNTIF('Cut Over'!$D:$D,$A10) -> 3 | C10: =COUNTIFS('Cut Over'!$D:$D,$A10,'Cut Over'!$F:$F,"시작전") -> 3 | D10: =COUNTIFS('Cut Over'!$D:$D,$A10,'Cut Over'!$F:$F,"진행중") -> 0 | E10: =COUNTIFS('Cut Over'!$D:$D,$A10,'Cut Over'!$F:$F,"완료") -> 0 | F10: =COUNTIFS('Cut Over'!$D:$D,$A10,'Cut Over'!$F:$F,"시작전",'Cut Over'!$AB:$AB,"<"&TODAY()) -> 0 | G10: =COUNTIFS('Cut Over'!$D:$D,$A10,'Cut Over'!$F:$F,"<>완료",'Cut Over'!$AE:$AE,"<"&TODAY(),'Cut Over'!$AE:$AE,"<>"&"") -> 0 | H10: =IF(B10=0,0,E10/B10) -> 0 | I10: 데이터 이관 리허설·통합 2차·연동
A11: 운영 배포 | B11: =COUNTIF('Cut Over'!$D:$D,$A11) -> 3 | C11: =COUNTIFS('Cut Over'!$D:$D,$A11,'Cut Over'!$F:$F,"시작전") -> 3 | D11: =COUNTIFS('Cut Over'!$D:$D,$A11,'Cut Over'!$F:$F,"진행중") -> 0 | E11: =COUNTIFS('Cut Over'!$D:$D,$A11,'Cut Over'!$F:$F,"완료") -> 0 | F11: =COUNTIFS('Cut Over'!$D:$D,$A11,'Cut Over'!$F:$F,"시작전",'Cut Over'!$AB:$AB,"<"&TODAY()) -> 0 | G11: =COUNTIFS('Cut Over'!$D:$D,$A11,'Cut Over'!$F:$F,"<>완료",'Cut Over'!$AE:$AE,"<"&TODAY(),'Cut Over'!$AE:$AE,"<>"&"") -> 0 | H11: =IF(B11=0,0,E11/B11) -> 0 | I11: 빠른 배포·예약 작업 해제
A12: 배포 후 설정 | B12: =COUNTIF('Cut Over'!$D:$D,$A12) -> 7 | C12: =COUNTIFS('Cut Over'!$D:$D,$A12,'Cut Over'!$F:$F,"시작전") -> 7 | D12: =COUNTIFS('Cut Over'!$D:$D,$A12,'Cut Over'!$F:$F,"진행중") -> 0 | E12: =COUNTIFS('Cut Over'!$D:$D,$A12,'Cut Over'!$F:$F,"완료") -> 0 | F12: =COUNTIFS('Cut Over'!$D:$D,$A12,'Cut Over'!$F:$F,"시작전",'Cut Over'!$AB:$AB,"<"&TODAY()) -> 0 | G12: =COUNTIFS('Cut Over'!$D:$D,$A12,'Cut Over'!$F:$F,"<>완료",'Cut Over'!$AE:$AE,"<"&TODAY(),'Cut Over'!$AE:$AE,"<>"&"") -> 0 | H12: =IF(B12=0,0,E12/B12) -> 0 | I12: 키·연동 사용자·사용자·예약 작업
A13: 데이터 이관 | B13: =COUNTIF('Cut Over'!$D:$D,$A13) -> 5 | C13: =COUNTIFS('Cut Over'!$D:$D,$A13,'Cut Over'!$F:$F,"시작전") -> 5 | D13: =COUNTIFS('Cut Over'!$D:$D,$A13,'Cut Over'!$F:$F,"진행중") -> 0 | E13: =COUNTIFS('Cut Over'!$D:$D,$A13,'Cut Over'!$F:$F,"완료") -> 0 | F13: =COUNTIFS('Cut Over'!$D:$D,$A13,'Cut Over'!$F:$F,"시작전",'Cut Over'!$AB:$AB,"<"&TODAY()) -> 0 | G13: =COUNTIFS('Cut Over'!$D:$D,$A13,'Cut Over'!$F:$F,"<>완료",'Cut Over'!$AE:$AE,"<"&TODAY(),'Cut Over'!$AE:$AE,"<>"&"") -> 0 | H13: =IF(B13=0,0,E13/B13) -> 0 | I13: 외부 ID upsert·검증
A14: 기능확인 | B14: =COUNTIF('Cut Over'!$D:$D,$A14) -> 1 | C14: =COUNTIFS('Cut Over'!$D:$D,$A14,'Cut Over'!$F:$F,"시작전") -> 1 | D14: =COUNTIFS('Cut Over'!$D:$D,$A14,'Cut Over'!$F:$F,"진행중") -> 0 | E14: =COUNTIFS('Cut Over'!$D:$D,$A14,'Cut Over'!$F:$F,"완료") -> 0 | F14: =COUNTIFS('Cut Over'!$D:$D,$A14,'Cut Over'!$F:$F,"시작전",'Cut Over'!$AB:$AB,"<"&TODAY()) -> 0 | G14: =COUNTIFS('Cut Over'!$D:$D,$A14,'Cut Over'!$F:$F,"<>완료",'Cut Over'!$AE:$AE,"<"&TODAY(),'Cut Over'!$AE:$AE,"<>"&"") -> 0 | H14: =IF(B14=0,0,E14/B14) -> 0 | I14: 스모크 테스트
A15: Open | B15: =COUNTIF('Cut Over'!$D:$D,$A15) -> 1 | C15: =COUNTIFS('Cut Over'!$D:$D,$A15,'Cut Over'!$F:$F,"시작전") -> 1 | D15: =COUNTIFS('Cut Over'!$D:$D,$A15,'Cut Over'!$F:$F,"진행중") -> 0 | E15: =COUNTIFS('Cut Over'!$D:$D,$A15,'Cut Over'!$F:$F,"완료") -> 0 | F15: =COUNTIFS('Cut Over'!$D:$D,$A15,'Cut Over'!$F:$F,"시작전",'Cut Over'!$AB:$AB,"<"&TODAY()) -> 0 | G15: =COUNTIFS('Cut Over'!$D:$D,$A15,'Cut Over'!$F:$F,"<>완료",'Cut Over'!$AE:$AE,"<"&TODAY(),'Cut Over'!$AE:$AE,"<>"&"") -> 0 | H15: =IF(B15=0,0,E15/B15) -> 0 | I15: Go/No-Go
A16: Stabilization | B16: =COUNTIF('Cut Over'!$D:$D,$A16) -> 2 | C16: =COUNTIFS('Cut Over'!$D:$D,$A16,'Cut Over'!$F:$F,"시작전") -> 2 | D16: =COUNTIFS('Cut Over'!$D:$D,$A16,'Cut Over'!$F:$F,"진행중") -> 0 | E16: =COUNTIFS('Cut Over'!$D:$D,$A16,'Cut Over'!$F:$F,"완료") -> 0 | F16: =COUNTIFS('Cut Over'!$D:$D,$A16,'Cut Over'!$F:$F,"시작전",'Cut Over'!$AB:$AB,"<"&TODAY()) -> 0 | G16: =COUNTIFS('Cut Over'!$D:$D,$A16,'Cut Over'!$F:$F,"<>완료",'Cut Over'!$AE:$AE,"<"&TODAY(),'Cut Over'!$AE:$AE,"<>"&"") -> 0 | H16: =IF(B16=0,0,E16/B16) -> 0 | I16: 모니터링·문의
A21: 【2】 Phase 요약
A22: Phase | B22: 전체 계획 | C22: 시작전 | D22: 진행중 | E22: 완료 | F22: 시작 지연 | G22: 종료 지연 | H22: 진척률 | I22: 비고
A23: 사전 준비 (샌드박스, D-7 ~ D-2) | B23: =SUMPRODUCT(--('Cut Over'!$C$3:$C$216=$A23)) -> 12 | C23: =SUMPRODUCT(--('Cut Over'!$C$3:$C$216=$A23),--('Cut Over'!$F$3:$F$216="시작전")) -> 10 | D23: =SUMPRODUCT(--('Cut Over'!$C$3:$C$216=$A23),--('Cut Over'!$F$3:$F$216="진행중")) -> 0 | E23: =SUMPRODUCT(--('Cut Over'!$C$3:$C$216=$A23),--('Cut Over'!$F$3:$F$216="완료")) -> 2 | F23: =SUMPRODUCT(--('Cut Over'!$C$3:$C$216=$A23),--('Cut Over'!$F$3:$F$216="시작전"),--('Cut Over'!$AB$3:$AB$216<TODAY()),--('Cut Over'!$AB$3:$AB$216<>"")) -> 0 | G23: =SUMPRODUCT(--('Cut Over'!$C$3:$C$216=$A23),--('Cut Over'!$F$3:$F$216<>"완료"),--('Cut Over'!$AE$3:$AE$216<TODAY()),--('Cut Over'!$AE$3:$AE$216<>"")) -> 0 | H23: =IF(B23=0,0,E23/B23) -> 0.16666667 | I23: 저장소 정리·샌드박스 배포·리허설·운영 검증 배포
A24: Cut-Over (운영, D-1 ~ D-day) | B24: =SUMPRODUCT(--('Cut Over'!$C$3:$C$216=$A24)) -> 18 | C24: =SUMPRODUCT(--('Cut Over'!$C$3:$C$216=$A24),--('Cut Over'!$F$3:$F$216="시작전")) -> 18 | D24: =SUMPRODUCT(--('Cut Over'!$C$3:$C$216=$A24),--('Cut Over'!$F$3:$F$216="진행중")) -> 0 | E24: =SUMPRODUCT(--('Cut Over'!$C$3:$C$216=$A24),--('Cut Over'!$F$3:$F$216="완료")) -> 0 | F24: =SUMPRODUCT(--('Cut Over'!$C$3:$C$216=$A24),--('Cut Over'!$F$3:$F$216="시작전"),--('Cut Over'!$AB$3:$AB$216<TODAY()),--('Cut Over'!$AB$3:$AB$216<>"")) -> 0 | G24: =SUMPRODUCT(--('Cut Over'!$C$3:$C$216=$A24),--('Cut Over'!$F$3:$F$216<>"완료"),--('Cut Over'!$AE$3:$AE$216<TODAY()),--('Cut Over'!$AE$3:$AE$216<>"")) -> 0 | H24: =IF(B24=0,0,E24/B24) -> 0 | I24: 빠른 배포·수동 설정·데이터 이관·스모크 테스트
A25: Open 대응 (D+1 ~) | B25: =SUMPRODUCT(--('Cut Over'!$C$3:$C$216=$A25)) -> 2 | C25: =SUMPRODUCT(--('Cut Over'!$C$3:$C$216=$A25),--('Cut Over'!$F$3:$F$216="시작전")) -> 2 | D25: =SUMPRODUCT(--('Cut Over'!$C$3:$C$216=$A25),--('Cut Over'!$F$3:$F$216="진행중")) -> 0 | E25: =SUMPRODUCT(--('Cut Over'!$C$3:$C$216=$A25),--('Cut Over'!$F$3:$F$216="완료")) -> 0 | F25: =SUMPRODUCT(--('Cut Over'!$C$3:$C$216=$A25),--('Cut Over'!$F$3:$F$216="시작전"),--('Cut Over'!$AB$3:$AB$216<TODAY()),--('Cut Over'!$AB$3:$AB$216<>"")) -> 0 | G25: =SUMPRODUCT(--('Cut Over'!$C$3:$C$216=$A25),--('Cut Over'!$F$3:$F$216<>"완료"),--('Cut Over'!$AE$3:$AE$216<TODAY()),--('Cut Over'!$AE$3:$AE$216<>"")) -> 0 | H25: =IF(B25=0,0,E25/B25) -> 0 | I25: 모니터링·안정화
A27: 【3】 주요 일정 (마이그레이션 결과서 기준)
A28: 시점 | B28: 일자 | C28: 내용
A29: D-7 | B29: 미정 | C29: 저장소 누락 메타데이터 정리, 소스 이관 목록 확정
A30: D-6 ~ D-3 | B30: 미정 | C30: 샌드박스 배포·수동 설정·데이터 이관 리허설·통합 테스트 2차
A31: D-2 | B31: 미정 | C31: 운영 검증 배포 (RunLocalTests)
A32: D-1 ~ D-day | B32: 미정 | C32: 백업 → 빠른 배포 → 수동 설정 → 데이터 이관 → 스모크 테스트 → Go/No-Go
A33: D+1 ~ | B33: 미정 | C33: 안정화 (ERP 전송·예약 작업 모니터링)

Sheet Cut Over
A2: No | B2: 기능별 | C2: Phase | D2: 작업명 | E2: 작업내용 | F2: 진행상태 | G2: 일정 칸(간트)은 운영 D-day 확정 후 기입 — 현재는 비고(AN)에 D-n 기준 | AA2: 2026-06-01 ~ | AB2: 시작일 | AC2: 시작일시 | AD2: 예상소요시간 | AE2: 종료일 | AF2: 종료일시 | AG2: 담당자 | AH2: 검증 담당자 | AI2: 검증 결과 | AJ2: 지연 사유 | AK2: 시작일시_dt | AL2: 종료일시_dt(계산) | AN2: 비고
A3: 1 | B3: Metadata | C3: 사전 준비 (샌드박스, D-7 ~ D-2) | D3: 사전 작업 | E3: 소스 이관 목록 작성 (19_소스이관목록) | F3: 완료 | AA3: Edwin(개발), 관리자(서비스운영팀장) | AD3: 2 | AG3: Edwin | AH3: Edwin | AI3: 확인 | AN3: D-7 · 2026-10-16 작성
A4: 2 | B4: Metadata | C4: 사전 준비 (샌드박스, D-7 ~ D-2) | D4: 사전 작업 | E4: 저장소에 없는 메타데이터 retrieve·커밋 (GlobalValueSet·RecordType·검증 규칙 16·Flow 2·공유 규칙 Case/WorkOrder·Role·Group·Queue 2·CustomPermission·외부 클라이언트 앱) | F4: 시작전 | AA4: Edwin(개발), 관리자(서비스운영팀장) | AD4: 3 | AG4: Edwin | AH4: Edwin | AN4: D-7 · deploy_procedure.md 1-1
A5: 3 | B5: Test | C5: 사전 준비 (샌드박스, D-7 ~ D-2) | D5: 사전 작업 | E5: 전체 로컬 테스트·커버리지 확인 (dev org) | F5: 완료 | AA5: Edwin(개발), 관리자(서비스운영팀장) | AD5: 1 | AG5: Edwin | AH5: Edwin | AI5: 확인 | AN5: 2026-10-15 · 214건 Pass, 96%
A6: 4 | B6: Release | C6: 사전 준비 (샌드박스, D-7 ~ D-2) | D6: 배포 준비 | E6: 소스 Freezing·배포 브랜치 태그 | F6: 시작전 | AA6: Edwin(개발), 관리자(서비스운영팀장) | AD6: 0.5 | AG6: Edwin | AH6: 관리자 | AN6: D-6
A7: 5 | B7: Release | C7: 사전 준비 (샌드박스, D-7 ~ D-2) | D7: 배포 준비 | E7: 배포 매니페스트 생성 (sf project generate manifest) | F7: 시작전 | AA7: Edwin(개발), 관리자(서비스운영팀장) | AD7: 0.5 | AG7: Edwin | AH7: Edwin | AN7: D-6
A8: 6 | B8: Org | C8: 사전 준비 (샌드박스, D-7 ~ D-2) | D8: 샌드박스 배포 | E8: 샌드박스 조직 설정 (Field Service 활성화·권한 집합 라이선스·레이블 이름·기본 사례 소유자) | F8: 시작전 | AA8: Edwin(개발), 관리자(서비스운영팀장) | AD8: 1 | AG8: Edwin | AH8: 관리자 | AN8: D-6
A9: 7 | B9: Metadata | C9: 사전 준비 (샌드박스, D-7 ~ D-2) | D9: 샌드박스 배포 | E9: 1~6단계 배포 + RunLocalTests 검증 (예약 작업 있으면 해제 후) | F9: 시작전 | AA9: Edwin(개발), 관리자(서비스운영팀장) | AD9: 2 | AG9: Edwin | AH9: Edwin | AN9: D-5
A10: 8 | B10: Config | C10: 사전 준비 (샌드박스, D-7 ~ D-2) | D10: 샌드박스 배포 | E10: 배포 후 수동 설정 14항목 (외부 자격 증명 값·연동 사용자·외부 클라이언트 앱·AP2 승인자·사용자·권한 집합·Queue·예약 작업) | F10: 시작전 | AA10: Edwin(개발), 관리자(서비스운영팀장) | AD10: 3 | AG10: Edwin | AH10: 관리자 | AN10: D-5 · deploy_procedure.md 3
A11: 9 | B11: Data | C11: 사전 준비 (샌드박스, D-7 ~ D-2) | D11: 샌드박스 검증 | E11: 데이터 이관 리허설 (Product2 → Account → 사업장 → 장비 → 위치·재고) + 건수·외부 ID 검증 | F11: 시작전 | AA11: Edwin(개발), 관리자(서비스운영팀장) | AD11: 4 | AG11: Edwin | AH11: 관리자 | AN11: D-4
A12: 10 | B12: Test | C12: 사전 준비 (샌드박스, D-7 ~ D-2) | D12: 샌드박스 검증 | E12: 통합 테스트 2차 (1차 미실행 5건·Fail 1건 재확인 포함) | F12: 시작전 | AA12: Edwin(개발), 관리자(서비스운영팀장) | AD12: 4 | AG12: Edwin | AH12: 상담원·센터장·기사 | AN12: D-4 ~ D-3
A13: 11 | B13: Interface | C13: 사전 준비 (샌드박스, D-7 ~ D-2) | D13: 샌드박스 검증 | E13: ERP·주소 연동 확인 (IF-02-P·IF-02-R·IF-03·IF-06·IF-07) | F13: 시작전 | AA13: Edwin(개발), 관리자(서비스운영팀장) | AD13: 2 | AG13: Edwin | AH13: ERP 담당 | AN13: D-3
A14: 12 | B14: Release | C14: 사전 준비 (샌드박스, D-7 ~ D-2) | D14: 배포 준비 | E14: 운영 검증 배포 (sf project deploy validate, RunLocalTests) — Job Id 보관 | F14: 시작전 | AA14: Edwin(개발), 관리자(서비스운영팀장) | AD14: 1 | AG14: Edwin | AH14: Edwin | AN14: D-2
A15: 13 | B15: Release | C15: Cut-Over (운영, D-1 ~ D-day) | D15: 배포 준비 | E15: 운영 메타데이터 백업 retrieve (롤백용) | F15: 시작전 | AA15: Edwin(개발), 관리자(서비스운영팀장) | AD15: 0.5 | AG15: Edwin | AH15: Edwin | AN15: D-1
A16: 14 | B16: Org | C16: Cut-Over (운영, D-1 ~ D-day) | D16: 운영 배포 | E16: 운영 조직 설정 확인 (Field Service·라이선스·레이블 이름) | F16: 시작전 | AA16: Edwin(개발), 관리자(서비스운영팀장) | AD16: 1 | AG16: Edwin | AH16: 관리자 | AN16: D-1
A17: 15 | B17: Org | C17: Cut-Over (운영, D-1 ~ D-day) | D17: 운영 배포 | E17: 운영 예약 작업 해제 확인 (HG 반복 고장 재계산 · HG ERP 재전송 · HG ERP 재고 동기화) | F17: 시작전 | AA17: Edwin(개발), 관리자(서비스운영팀장) | AD17: 0.25 | AG17: Edwin | AH17: Edwin | AN17: D-day
... A34: 32 | B34: Stabilization | C34: Open 대응 (D+1 ~) | D34: Stabilization | E34: 사용자 문의 대응·결함 처리 | F34: 시작전 | AA34: Edwin(개발), 관리자(서비스운영팀장) | AD34: 1 | AG34: Edwin | AH34: 관리자 | AN34: D+1 ~

Sheet Smoke Test
A1: 한결공조 AS 관리 시스템 — Smoke Test 체크리스트 (Cut-Over D-Day Go/No-Go)
A2: ※ 운영 배포·수동 설정 직후 30분~1시간 내 빠른 검증. 1건이라도 ✗(Fail) 시 Open 보류 + 핫픽스/롤백 결정 / 4 역할(상담원·센터장·기사·관리자) 실제 사용자로
A3: 실행 일시 | C3: 실행 담당 | E3: 판정자 | G3: 소요 (예상) | H3: 1h
A5: 【1】 공통 인프라 점검 (Infrastructure Smoke)
A6: No | B6: 분류 | C6: 점검 항목 | D6: 수행 방법 | E6: 기대 결과 | F6: 담당자 | G6: 소요 (분) | H6: 상담원 | I6: 센터장 | J6: 기사 | K6: 관리자 | L6: 판정 | M6: 비고
A7: 1 | B7: 인프라 | C7: Lightning 로그인 · 한결공조 AS 앱 | D7: 4 역할 사용자로 로그인 → 앱 실행 | E7: 앱·탭·유틸리티 바 정상 | F7: Edwin | G7: 2 | H7: ○ | I7: ○ | J7: ○ | K7: ○ | L7: ☐
A8: 2 | B8: 인프라 | C8: ERP 푸시 설정 | D8: ERP `/health` 확인 | E8: push: configured, pushMissing: [] | F8: ERP 담당 | G8: 2 | H8: — | I8: — | J8: — | K8: ○ | L8: ☐
A9: 3 | B9: 인프라 | C9: 외부 자격 증명 값 | D9: 주소 검색 1건 · ERP 조회 1건 | E9: 승인키·API 키 오류 없음 | F9: Edwin | G9: 3 | H9: ○ | I9: — | J9: — | K9: ○ | L9: ☐
A10: 4 | B10: 인프라 | C10: 이메일 송신 | D10: 긴급 접수(냉동창고) 1건 저장 | E10: 센터장 긴급 메일 수신 | F10: Edwin | G10: 3 | H10: ○ | I10: ○ | J10: — | K10: — | L10: ☐
A11: 5 | B11: 인프라 | C11: 예약 작업 | D11: 설정 → 예약된 작업 | E11: HG 반복 고장 재계산 · HG ERP 재전송 · HG ERP 재고 동기화 WAITING | F11: Edwin | G11: 2 | H11: — | I11: — | J11: — | K11: ○ | L11: ☐
A13: 【2】 상담원 핵심 시나리오
A14: No | B14: 분류 | C14: 점검 항목 | D14: 수행 방법 | E14: 기대 결과 | F14: 담당자 | G14: 소요 (분) | H14: 상담원 | I14: 센터장 | J14: 기사 | K14: 관리자 | L14: 판정 | M14: 비고
A15: 6 | B15: 접수 | C15: 가상 착신 → 접수 작성 팝업 | D15: 현장 번호 + 증상 + 시리얼 4자리 → [전화 연결] | E15: 고객사·사업장·장비 채움, 카드·중복 경고 표시 | F15: Edwin | G15: 3 | H15: ○ | I15: — | J15: — | K15: — | L15: ☐
A16: 7 | B16: 접수 | C16: 접수 저장 → 센터 Queue | D16: [접수 저장] | E16: 소유자 = 센터 Queue, 고객사·사업장·센터 자동 | F16: Edwin | G16: 2 | H16: ○ | I16: — | J16: — | K16: — | L16: ☐
A17: 8 | B17: 검색 | C17: 장비 검색 · 사업장 주소 검색 | D17: 시리얼로 장비 검색, 사업장 "주소 검색" | E17: 결과 표시, 저장 시 센터 자동 지정 | F17: Edwin | G17: 3 | H17: ○ | I17: ○ | J17: — | K17: — | L17: ☐
A19: 【3】 센터장 · 기사 핵심 시나리오 (출동 · 부품 · 승인 · ERP)
A20: No | B20: 분류 | C20: 점검 항목 | D20: 수행 방법 | E20: 기대 결과 | F20: 담당자 | G20: 소요 (분) | H20: 상담원 | I20: 센터장 | J20: 기사 | K20: 관리자 | L20: 판정 | M20: 비고
A21: 9 | B21: 가시성 | C21: 센터장 자기 센터만 | D21: 센터장 로그인 → 접수·출동 목록 | E21: 경기남부 건만 표시 | F21: Edwin | G21: 2 | H21: — | I21: ○ | J21: — | K21: — | L21: ☐
A22: 10 | B22: 출동 | C22: 출동 생성 · 기사 배정 | D22: 접수 → 출동 생성, 소유자 = 기사 | E22: 기사에게 출동 표시 | F22: Edwin | G22: 3 | H22: — | I22: ○ | J22: ○ | K22: — | L22: ☐
A23: 11 | B23: 가시성 | C23: 기사 본인 출동만 | D23: 기사 로그인 → 출동 목록 | E23: 본인 출동만, 고객사·장비·접수 탭 없음 | F23: Edwin | G23: 2 | H23: — | I23: — | J23: ○ | K23: — | L23: ☐
A24: 12 | B24: 부품 | C24: 부품 추가 → ERP 전송 | D24: 내 차량 재고 선택 + 수량 → 추가 | E24: 유·무상 판정, ERP 전송 상태 Synced | F24: Edwin | G24: 3 | H24: — | I24: — | J24: ○ | K24: — | L24: ☐
A25: 13 | B25: 부품 | C25: 차량 재고 초과 거부 | D25: 남은 수량 + 1 입력 | E25: "차량 재고가 부족합니다" 거부 | F25: Edwin | G25: 2 | H25: — | I25: — | J25: ○ | K25: — | L25: ☐
A26: 14 | B26: 승인 | C26: [승인 요청] 빠른 작업 | D26: 도착 상태·기준 초과 출동 → [승인 요청] | E26: 버튼 표시, 이유 표시, 사유·동의 필수 | F26: Edwin | G26: 3 | H26: — | I26: — | J26: ○ | K26: — | L26: ☐
A27: 15 | B27: 승인 | C27: 센터장 승인 · 반려 | D27: 승인 요청 → 승인 / 반려(사유) | E27: 상태 도착 복귀, 승인 상태 갱신, 결과 메일 | F27: Edwin | G27: 3 | H27: — | I27: ○ | J27: — | K27: — | L27: ☐
A28: 16 | B28: ERP | C28: ERP 입고 푸시 | D28: ERP에서 입고 +1 | E28: "즉시 반영됨", Salesforce 재고 +1, 기록 "· 푸시" | F28: ERP 담당 | G28: 3 | H28: — | I28: — | J28: — | K28: ○ | L28: ☐
A29: 17 | B29: ERP | C29: 가져오기 안전망 | D29: 가져오기 수동 실행(d7_erp_inbound_run) | E29: 중복 건너뜀, 기준 번호 갱신 | F29: Edwin | G29: 3 | H29: — | I29: — | J29: — | K29: ○ | L29: ☐
A30: 18 | B30: ERP | C30: 재고 이동 수령 | D30: 창고 → 차량 이동 생성 → 수령 | E30: ERP 전송 Synced | F30: Edwin | G30: 3 | H30: — | I30: — | J30: ○ | K30: — | L30: ☐
A32: 【4】 관리자 점검 (설정 · 기준값 · 자동화)
A33: No | B33: 분류 | C33: 점검 항목 | D33: 수행 방법 | E33: 기대 결과 | F33: 담당자 | G33: 소요 (분) | H33: 상담원 | I33: 센터장 | J33: 기사 | K33: 관리자 | L33: 판정 | M33: 비고
A34: 19 | B34: 배포 | C34: 테스트·커버리지 | D34: 검증 배포 결과 확인 | E34: RunLocalTests 전부 Pass, 75% 이상 | F34: Edwin | G34: 2 | H34: — | I34: — | J34: — | K34: ○ | L34: ☐
A35: 20 | B35: 기준값 | C35: Custom Metadata 값 | D35: ServiceSetting·WarrantyPolicy 조회 | E35: ApprovalAmount 500000 등 v2_facts 8절과 같음 | F35: Edwin | G35: 2 | H35: — | I35: — | J35: — | K35: ○ | L35: ☐
A36: 21 | B36: 승인 | C36: 승인 프로세스 2개 | D36: 설정 → 승인 프로세스 | E36: AP1·AP2 활성, AP2 승인자 = 운영 센터장 | F36: Edwin | G36: 2 | H36: — | I36: — | J36: — | K36: ○ | L36: ☐
A37: 22 | B37: 자동화 | C37: 트리거 스위치·Flow | D37: TriggerSetting__mdt, Flow 10개 활성 | E37: 모두 활성 | F37: Edwin | G37: 2 | H37: — | I37: — | J37: — | K37: ○ | L37: ☐
A39: 【5】 권한 / 보안 / 데이터 가시성
A40: No | B40: 분류 | C40: 점검 항목 | D40: 수행 방법 | E40: 기대 결과 | F40: 담당자 | G40: 소요 (분) | H40: 상담원 | I40: 센터장 | J40: 기사 | K40: 관리자 | L40: 판정 | M40: 비고
A41: 23 | B41: Sharing | C41: 기사 고객 정보 비공개 | D41: 기사로 고객사·장비 URL 직접 열기 | E41: 권한 없음 | F41: Edwin | G41: 2 | H41: — | I41: — | J41: ○ | K41: — | L41: ☐
A42: 24 | B42: FLS | C42: 서비스센터 읽기 전용 | D42: 상담원·센터장으로 사업장 편집 | E42: 서비스센터 수정 불가 | F42: Edwin | G42: 2 | H42: ○ | I42: ○ | J42: — | K42: — | L42: ☐
A43: 25 | B43: 연동 | C43: 연동 사용자 최소 권한 | D43: 연동 사용자 권한 집합 조회 | E43: HG_ErpIntegration·HG_ErpIntegrationData만 | F43: Edwin | G43: 2 | H43: — | I43: — | J43: — | K43: ○ | L43: ☐
A44: 26 | B44: 보안 | C44: 키 보관 위치 | D44: 메타데이터·저장소 검색 | E44: 키·비밀 값 없음(설정 화면·ERP 비밀 저장소에만) | F44: Edwin | G44: 2 | H44: — | I44: — | J44: — | K44: ○ | L44: ☐
